C1_OBJ_NM,C2_NM,DT,C2,C1,PRD_SE,ITM_ID,TBL_ID,ITM_NM,TBL_NM,PRD_DE,LST_CHN_DE,C1_NM,ORG_ID,C2_OBJ_NM,UNIT_NM_ENG,UNIT_NM
특성별,있다,2.2,B0101,A01,A,T001,DT_109006_K003,개인연금 퇴직연금 주택연금 및 농지연금 수급여부와 월평균 수령액(배우자포함),개인연금 퇴직연금 주택연금 및 농지연금 수급여부와 월평균 수령액(배우자포함),2018,2019-08-05,전체,109,여부및금액별,,
특성별,있다,3.3,B0101,A01,A,T001,DT_109006_K003,개인연금 퇴직연금 주택연금 및 농지연금 수급여부와 월평균 수령액(배우자포함),개인연금 퇴직연금 주택연금 및 농지연금 수급여부와 월평균 수령액(배우자포함),2021,2022-07-13,전체,109,여부및금액별,,
특성별,있다,3.3,B0101,A01,A,T001,DT_109006_K003,개인연금 퇴직연금 주택연금 및 농지연금 수급여부와 월평균 수령액(배우자포함),개인연금 퇴직연금 주택연금 및 농지연금 수급여부와 월평균 수령액(배우자포함),2024,2025-06-30,전체,109,여부및금액별,,
특성별,없다,97.8,B0102,A01,A,T001,DT_109006_K003,개인연금 퇴직연금 주택연금 및 농지연금 수급여부와 월평균 수령액(배우자포함),개인연금 퇴직연금 주택연금 및 농지연금 수급여부와 월평균 수령액(배우자포함),2018,2019-08-05,전체,109,여부및금액별,,
특성별,없다,96.7,B0102,A01,A,T001,DT_109006_K003,개인연금 퇴직연금 주택연금 및 농지연금 수급여부와 월평균 수령액(배우자포함),개인연금 퇴직연금 주택연금 및 농지연금 수급여부와 월평균 수령액(배우자포함),2021,2022-07-13,전체,109,여부및금액별,,
특성별,없다,96.7,B0102,A01,A,T001,DT_109006_K003,개인연금 퇴직연금 주택연금 및 농지연금 수급여부와 월평균 수령액(배우자포함),개인연금 퇴직연금 주택연금 및 농지연금 수급여부와 월평균 수령액(배우자포함),2024,2025-06-30,전체,109,여부및금액별,,
특성별,개인연금액,39.6,B02,A01,A,T001,DT_109006_K003,개인연금 퇴직연금 주택연금 및 농지연금 수급여부와 월평균 수령액(배우자포함),개인연금 퇴직연금 주택연금 및 농지연금 수급여부와 월평균 수령액(배우자포함),2018,2019-08-05,전체,109,여부및금액별,10000Won,만원
특성별,개인연금액,69.2,B02,A01,A,T001,DT_109006_K003,개인연금 퇴직연금 주택연금 및 농지연금 수급여부와 월평균 수령액(배우자포함),개인연금 퇴직연금 주택연금 및 농지연금 수급여부와 월평균 수령액(배우자포함),2021,2022-07-13,전체,109,여부및금액별,10000Won,만원
특성별,개인연금액,81.2,B02,A01,A,T001,DT_109006_K003,개인연금 퇴직연금 주택연금 및 농지연금 수급여부와 월평균 수령액(배우자포함),개인연금 퇴직연금 주택연금 및 농지연금 수급여부와 월평균 수령액(배우자포함),2024,2025-07-16,전체,109,여부및금액별,10000Won,만원
특성별,퇴직연금액,12.5,B03,A01,A,T001,DT_109006_K003,개인연금 퇴직연금 주택연금 및 농지연금 수급여부와 월평균 수령액(배우자포함),개인연금 퇴직연금 주택연금 및 농지연금 수급여부와 월평균 수령액(배우자포함),2018,2019-08-05,전체,109,여부및금액별,10000Won,만원
특성별,퇴직연금액,75.4,B03,A01,A,T001,DT_109006_K003,개인연금 퇴직연금 주택연금 및 농지연금 수급여부와 월평균 수령액(배우자포함),개인연금 퇴직연금 주택연금 및 농지연금 수급여부와 월평균 수령액(배우자포함),2021,2022-07-13,전체,109,여부및금액별,10000Won,만원
특성별,퇴직연금액,126.8,B03,A01,A,T001,DT_109006_K003,개인연금 퇴직연금 주택연금 및 농지연금 수급여부와 월평균 수령액(배우자포함),개인연금 퇴직연금 주택연금 및 농지연금 수급여부와 월평균 수령액(배우자포함),2024,2025-07-16,전체,109,여부및금액별,10000Won,만원
특성별,금액,20.8,B0401,A01,A,T001,DT_109006_K003,개인연금 퇴직연금 주택연금 및 농지연금 수급여부와 월평균 수령액(배우자포함),개인연금 퇴직연금 주택연금 및 농지연금 수급여부와 월평균 수령액(배우자포함),2018,2019-08-05,전체,109,여부및금액별,10000Won,만원
특성별,금액,131.1,B0401,A01,A,T001,DT_109006_K003,개인연금 퇴직연금 주택연금 및 농지연금 수급여부와 월평균 수령액(배우자포함),개인연금 퇴직연금 주택연금 및 농지연금 수급여부와 월평균 수령액(배우자포함),2021,2022-07-13,전체,109,여부및금액별,10000Won,만원
특성별,금액,104.2,B0401,A01,A,T001,DT_109006_K003,개인연금 퇴직연금 주택연금 및 농지연금 수급여부와 월평균 수령액(배우자포함),개인연금 퇴직연금 주택연금 및 농지연금 수급여부와 월평균 수령액(배우자포함),2024,2025-07-16,전체,109,여부및금액별,10000Won,만원
특성별,받은 연수,1.4,B0402,A01,A,T001,DT_109006_K003,개인연금 퇴직연금 주택연금 및 농지연금 수급여부와 월평균 수령액(배우자포함),개인연금 퇴직연금 주택연금 및 농지연금 수급여부와 월평균 수령액(배우자포함),2018,2019-08-05,전체,109,여부및금액별,Months,월
특성별,받은 연수,5.5,B0402,A01,A,T001,DT_109006_K003,개인연금 퇴직연금 주택연금 및 농지연금 수급여부와 월평균 수령액(배우자포함),개인연금 퇴직연금 주택연금 및 농지연금 수급여부와 월평균 수령액(배우자포함),2021,2022-07-13,전체,109,여부및금액별,Months,월
특성별,받은 연수,12.4,B0402,A01,A,T001,DT_109006_K003,개인연금 퇴직연금 주택연금 및 농지연금 수급여부와 월평균 수령액(배우자포함),개인연금 퇴직연금 주택연금 및 농지연금 수급여부와 월평균 수령액(배우자포함),2024,2025-07-16,전체,109,여부및금액별,Months,월
특성별,있다,2.4,B0101,A0201,A,T001,DT_109006_K003,개인연금 퇴직연금 주택연금 및 농지연금 수급여부와 월평균 수령액(배우자포함),개인연금 퇴직연금 주택연금 및 농지연금 수급여부와 월평균 수령액(배우자포함),2018,2022-07-21,남성,109,여부및금액별,,
특성별,있다,3.6,B0101,A0201,A,T001,DT_109006_K003,개인연금 퇴직연금 주택연금 및 농지연금 수급여부와 월평균 수령액(배우자포함),개인연금 퇴직연금 주택연금 및 농지연금 수급여부와 월평균 수령액(배우자포함),2021,2022-07-13,남성,109,여부및금액별,,
특성별,있다,3.6,B0101,A0201,A,T001,DT_109006_K003,개인연금 퇴직연금 주택연금 및 농지연금 수급여부와 월평균 수령액(배우자포함),개인연금 퇴직연금 주택연금 및 농지연금 수급여부와 월평균 수령액(배우자포함),2024,2025-06-30,남성,109,여부및금액별,,
특성별,없다,97.6,B0102,A0201,A,T001,DT_109006_K003,개인연금 퇴직연금 주택연금 및 농지연금 수급여부와 월평균 수령액(배우자포함),개인연금 퇴직연금 주택연금 및 농지연금 수급여부와 월평균 수령액(배우자포함),2018,2022-07-21,남성,109,여부및금액별,,
특성별,없다,96.4,B0102,A0201,A,T001,DT_109006_K003,개인연금 퇴직연금 주택연금 및 농지연금 수급여부와 월평균 수령액(배우자포함),개인연금 퇴직연금 주택연금 및 농지연금 수급여부와 월평균 수령액(배우자포함),2021,2022-07-13,남성,109,여부및금액별,,
특성별,없다,96.4,B0102,A0201,A,T001,DT_109006_K003,개인연금 퇴직연금 주택연금 및 농지연금 수급여부와 월평균 수령액(배우자포함),개인연금 퇴직연금 주택연금 및 농지연금 수급여부와 월평균 수령액(배우자포함),2024,2025-06-30,남성,109,여부및금액별,,
특성별,개인연금액,38.6,B02,A0201,A,T001,DT_109006_K003,개인연금 퇴직연금 주택연금 및 농지연금 수급여부와 월평균 수령액(배우자포함),개인연금 퇴직연금 주택연금 및 농지연금 수급여부와 월평균 수령액(배우자포함),2018,2022-07-21,남성,109,여부및금액별,10000Won,만원
특성별,개인연금액,72,B02,A0201,A,T001,DT_109006_K003,개인연금 퇴직연금 주택연금 및 농지연금 수급여부와 월평균 수령액(배우자포함),개인연금 퇴직연금 주택연금 및 농지연금 수급여부와 월평균 수령액(배우자포함),2021,2022-07-13,남성,109,여부및금액별,10000Won,만원
특성별,개인연금액,81,B02,A0201,A,T001,DT_109006_K003,개인연금 퇴직연금 주택연금 및 농지연금 수급여부와 월평균 수령액(배우자포함),개인연금 퇴직연금 주택연금 및 농지연금 수급여부와 월평균 수령액(배우자포함),2024,2025-07-16,남성,109,여부및금액별,10000Won,만원
특성별,퇴직연금액,14.6,B03,A0201,A,T001,DT_109006_K003,개인연금 퇴직연금 주택연금 및 농지연금 수급여부와 월평균 수령액(배우자포함),개인연금 퇴직연금 주택연금 및 농지연금 수급여부와 월평균 수령액(배우자포함),2018,2022-07-21,남성,109,여부및금액별,10000Won,만원
특성별,퇴직연금액,78.3,B03,A0201,A,T001,DT_109006_K003,개인연금 퇴직연금 주택연금 및 농지연금 수급여부와 월평균 수령액(배우자포함),개인연금 퇴직연금 주택연금 및 농지연금 수급여부와 월평균 수령액(배우자포함),2021,2022-07-13,남성,109,여부및금액별,10000Won,만원
특성별,퇴직연금액,108.2,B03,A0201,A,T001,DT_109006_K003,개인연금 퇴직연금 주택연금 및 농지연금 수급여부와 월평균 수령액(배우자포함),개인연금 퇴직연금 주택연금 및 농지연금 수급여부와 월평균 수령액(배우자포함),2024,2025-07-16,남성,109,여부및금액별,10000Won,만원
특성별,금액,14.1,B0401,A0201,A,T001,DT_109006_K003,개인연금 퇴직연금 주택연금 및 농지연금 수급여부와 월평균 수령액(배우자포함),개인연금 퇴직연금 주택연금 및 농지연금 수급여부와 월평균 수령액(배우자포함),2018,2022-07-21,남성,109,여부및금액별,10000Won,만원
특성별,금액,141.7,B0401,A0201,A,T001,DT_109006_K003,개인연금 퇴직연금 주택연금 및 농지연금 수급여부와 월평균 수령액(배우자포함),개인연금 퇴직연금 주택연금 및 농지연금 수급여부와 월평균 수령액(배우자포함),2021,2022-07-13,남성,109,여부및금액별,10000Won,만원
특성별,금액,102.2,B0401,A0201,A,T001,DT_109006_K003,개인연금 퇴직연금 주택연금 및 농지연금 수급여부와 월평균 수령액(배우자포함),개인연금 퇴직연금 주택연금 및 농지연금 수급여부와 월평균 수령액(배우자포함),2024,2025-07-16,남성,109,여부및금액별,10000Won,만원
특성별,받은 연수,1.3,B0402,A0201,A,T001,DT_109006_K003,개인연금 퇴직연금 주택연금 및 농지연금 수급여부와 월평균 수령액(배우자포함),개인연금 퇴직연금 주택연금 및 농지연금 수급여부와 월평균 수령액(배우자포함),2018,2022-07-21,남성,109,여부및금액별,Months,월
특성별,받은 연수,5.7,B0402,A0201,A,T001,DT_109006_K003,개인연금 퇴직연금 주택연금 및 농지연금 수급여부와 월평균 수령액(배우자포함),개인연금 퇴직연금 주택연금 및 농지연금 수급여부와 월평균 수령액(배우자포함),2021,2022-07-13,남성,109,여부및금액별,Months,월
특성별,받은 연수,11.9,B0402,A0201,A,T001,DT_109006_K003,개인연금 퇴직연금 주택연금 및 농지연금 수급여부와 월평균 수령액(배우자포함),개인연금 퇴직연금 주택연금 및 농지연금 수급여부와 월평균 수령액(배우자포함),2024,2025-07-16,남성,109,여부및금액별,Months,월
특성별,있다,1.5,B0101,A0202,A,T001,DT_109006_K003,개인연금 퇴직연금 주택연금 및 농지연금 수급여부와 월평균 수령액(배우자포함),개인연금 퇴직연금 주택연금 및 농지연금 수급여부와 월평균 수령액(배우자포함),2018,2022-07-21,여성,109,여부및금액별,,
특성별,있다,2.4,B0101,A0202,A,T001,DT_109006_K003,개인연금 퇴직연금 주택연금 및 농지연금 수급여부와 월평균 수령액(배우자포함),개인연금 퇴직연금 주택연금 및 농지연금 수급여부와 월평균 수령액(배우자포함),2021,2022-07-13,여성,109,여부및금액별,,
특성별,있다,2.4,B0101,A0202,A,T001,DT_109006_K003,개인연금 퇴직연금 주택연금 및 농지연금 수급여부와 월평균 수령액(배우자포함),개인연금 퇴직연금 주택연금 및 농지연금 수급여부와 월평균 수령액(배우자포함),2024,2025-06-30,여성,109,여부및금액별,,
특성별,없다,98.5,B0102,A0202,A,T001,DT_109006_K003,개인연금 퇴직연금 주택연금 및 농지연금 수급여부와 월평균 수령액(배우자포함),개인연금 퇴직연금 주택연금 및 농지연금 수급여부와 월평균 수령액(배우자포함),2018,2022-07-21,여성,109,여부및금액별,,
특성별,없다,97.6,B0102,A0202,A,T001,DT_109006_K003,개인연금 퇴직연금 주택연금 및 농지연금 수급여부와 월평균 수령액(배우자포함),개인연금 퇴직연금 주택연금 및 농지연금 수급여부와 월평균 수령액(배우자포함),2021,2022-07-13,여성,109,여부및금액별,,
특성별,없다,97.6,B0102,A0202,A,T001,DT_109006_K003,개인연금 퇴직연금 주택연금 및 농지연금 수급여부와 월평균 수령액(배우자포함),개인연금 퇴직연금 주택연금 및 농지연금 수급여부와 월평균 수령액(배우자포함),2024,2025-06-30,여성,109,여부및금액별,,
특성별,개인연금액,44.7,B02,A0202,A,T001,DT_109006_K003,개인연금 퇴직연금 주택연금 및 농지연금 수급여부와 월평균 수령액(배우자포함),개인연금 퇴직연금 주택연금 및 농지연금 수급여부와 월평균 수령액(배우자포함),2018,2022-07-21,여성,109,여부및금액별,10000Won,만원
특성별,개인연금액,56.1,B02,A0202,A,T001,DT_109006_K003,개인연금 퇴직연금 주택연금 및 농지연금 수급여부와 월평균 수령액(배우자포함),개인연금 퇴직연금 주택연금 및 농지연금 수급여부와 월평균 수령액(배우자포함),2021,2022-07-13,여성,109,여부및금액별,10000Won,만원
특성별,개인연금액,82,B02,A0202,A,T001,DT_109006_K003,개인연금 퇴직연금 주택연금 및 농지연금 수급여부와 월평균 수령액(배우자포함),개인연금 퇴직연금 주택연금 및 농지연금 수급여부와 월평균 수령액(배우자포함),2024,2025-07-16,여성,109,여부및금액별,10000Won,만원
특성별,퇴직연금액,1.6,B03,A0202,A,T001,DT_109006_K003,개인연금 퇴직연금 주택연금 및 농지연금 수급여부와 월평균 수령액(배우자포함),개인연금 퇴직연금 주택연금 및 농지연금 수급여부와 월평균 수령액(배우자포함),2018,2022-07-21,여성,109,여부및금액별,10000Won,만원
특성별,퇴직연금액,54.4,B03,A0202,A,T001,DT_109006_K003,개인연금 퇴직연금 주택연금 및 농지연금 수급여부와 월평균 수령액(배우자포함),개인연금 퇴직연금 주택연금 및 농지연금 수급여부와 월평균 수령액(배우자포함),2021,2022-07-13,여성,109,여부및금액별,10000Won,만원
특성별,퇴직연금액,200.7,B03,A0202,A,T001,DT_109006_K003,개인연금 퇴직연금 주택연금 및 농지연금 수급여부와 월평균 수령액(배우자포함),개인연금 퇴직연금 주택연금 및 농지연금 수급여부와 월평균 수령액(배우자포함),2024,2025-07-16,여성,109,여부및금액별,10000Won,만원
특성별,금액,58.4,B0401,A0202,A,T001,DT_109006_K003,개인연금 퇴직연금 주택연금 및 농지연금 수급여부와 월평균 수령액(배우자포함),개인연금 퇴직연금 주택연금 및 농지연금 수급여부와 월평균 수령액(배우자포함),2018,2022-07-21,여성,109,여부및금액별,10000Won,만원
특성별,금액,91.7,B0401,A0202,A,T001,DT_109006_K003,개인연금 퇴직연금 주택연금 및 농지연금 수급여부와 월평균 수령액(배우자포함),개인연금 퇴직연금 주택연금 및 농지연금 수급여부와 월평균 수령액(배우자포함),2021,2022-07-13,여성,109,여부및금액별,10000Won,만원
특성별,금액,113.9,B0401,A0202,A,T001,DT_109006_K003,개인연금 퇴직연금 주택연금 및 농지연금 수급여부와 월평균 수령액(배우자포함),개인연금 퇴직연금 주택연금 및 농지연금 수급여부와 월평균 수령액(배우자포함),2024,2025-07-16,여성,109,여부및금액별,10000Won,만원
특성별,받은 연수,1.9,B0402,A0202,A,T001,DT_109006_K003,개인연금 퇴직연금 주택연금 및 농지연금 수급여부와 월평균 수령액(배우자포함),개인연금 퇴직연금 주택연금 및 농지연금 수급여부와 월평균 수령액(배우자포함),2018,2022-07-21,여성,109,여부및금액별,Months,월
특성별,받은 연수,4.7,B0402,A0202,A,T001,DT_109006_K003,개인연금 퇴직연금 주택연금 및 농지연금 수급여부와 월평균 수령액(배우자포함),개인연금 퇴직연금 주택연금 및 농지연금 수급여부와 월평균 수령액(배우자포함),2021,2022-07-13,여성,109,여부및금액별,Months,월
특성별,받은 연수,14.7,B0402,A0202,A,T001,DT_109006_K003,개인연금 퇴직연금 주택연금 및 농지연금 수급여부와 월평균 수령액(배우자포함),개인연금 퇴직연금 주택연금 및 농지연금 수급여부와 월평균 수령액(배우자포함),2024,2025-07-16,여성,109,여부및금액별,Months,월
특성별,있다,0.8,B0101,A0301,A,T001,DT_109006_K003,개인연금 퇴직연금 주택연금 및 농지연금 수급여부와 월평균 수령액(배우자포함),개인연금 퇴직연금 주택연금 및 농지연금 수급여부와 월평균 수령액(배우자포함),2018,2019-08-05,49세 이하,109,여부및금액별,,
특성별,있다,1.1,B0101,A0301,A,T001,DT_109006_K003,개인연금 퇴직연금 주택연금 및 농지연금 수급여부와 월평균 수령액(배우자포함),개인연금 퇴직연금 주택연금 및 농지연금 수급여부와 월평균 수령액(배우자포함),2021,2022-07-13,49세 이하,109,여부및금액별,,
특성별,있다,0.6,B0101,A0301,A,T001,DT_109006_K003,개인연금 퇴직연금 주택연금 및 농지연금 수급여부와 월평균 수령액(배우자포함),개인연금 퇴직연금 주택연금 및 농지연금 수급여부와 월평균 수령액(배우자포함),2024,2025-06-30,49세 이하,109,여부및금액별,,
특성별,없다,99.2,B0102,A0301,A,T001,DT_109006_K003,개인연금 퇴직연금 주택연금 및 농지연금 수급여부와 월평균 수령액(배우자포함),개인연금 퇴직연금 주택연금 및 농지연금 수급여부와 월평균 수령액(배우자포함),2018,2019-08-05,49세 이하,109,여부및금액별,,
특성별,없다,98.9,B0102,A0301,A,T001,DT_109006_K003,개인연금 퇴직연금 주택연금 및 농지연금 수급여부와 월평균 수령액(배우자포함),개인연금 퇴직연금 주택연금 및 농지연금 수급여부와 월평균 수령액(배우자포함),2021,2022-07-13,49세 이하,109,여부및금액별,,
특성별,없다,99.4,B0102,A0301,A,T001,DT_109006_K003,개인연금 퇴직연금 주택연금 및 농지연금 수급여부와 월평균 수령액(배우자포함),개인연금 퇴직연금 주택연금 및 농지연금 수급여부와 월평균 수령액(배우자포함),2024,2025-06-30,49세 이하,109,여부및금액별,,
특성별,개인연금액,18.1,B02,A0301,A,T001,DT_109006_K003,개인연금 퇴직연금 주택연금 및 농지연금 수급여부와 월평균 수령액(배우자포함),개인연금 퇴직연금 주택연금 및 농지연금 수급여부와 월평균 수령액(배우자포함),2018,2019-08-05,49세 이하,109,여부및금액별,10000Won,만원
특성별,개인연금액,170.8,B02,A0301,A,T001,DT_109006_K003,개인연금 퇴직연금 주택연금 및 농지연금 수급여부와 월평균 수령액(배우자포함),개인연금 퇴직연금 주택연금 및 농지연금 수급여부와 월평균 수령액(배우자포함),2021,2022-07-13,49세 이하,109,여부및금액별,10000Won,만원
특성별,개인연금액,0,B02,A0301,A,T001,DT_109006_K003,개인연금 퇴직연금 주택연금 및 농지연금 수급여부와 월평균 수령액(배우자포함),개인연금 퇴직연금 주택연금 및 농지연금 수급여부와 월평균 수령액(배우자포함),2024,2025-06-30,49세 이하,109,여부및금액별,10000Won,만원
특성별,퇴직연금액,7.3,B03,A0301,A,T001,DT_109006_K003,개인연금 퇴직연금 주택연금 및 농지연금 수급여부와 월평균 수령액(배우자포함),개인연금 퇴직연금 주택연금 및 농지연금 수급여부와 월평균 수령액(배우자포함),2018,2019-08-05,49세 이하,109,여부및금액별,10000Won,만원
특성별,퇴직연금액,58.6,B03,A0301,A,T001,DT_109006_K003,개인연금 퇴직연금 주택연금 및 농지연금 수급여부와 월평균 수령액(배우자포함),개인연금 퇴직연금 주택연금 및 농지연금 수급여부와 월평균 수령액(배우자포함),2021,2022-07-13,49세 이하,109,여부및금액별,10000Won,만원
특성별,퇴직연금액,0,B03,A0301,A,T001,DT_109006_K003,개인연금 퇴직연금 주택연금 및 농지연금 수급여부와 월평균 수령액(배우자포함),개인연금 퇴직연금 주택연금 및 농지연금 수급여부와 월평균 수령액(배우자포함),2024,2025-06-30,49세 이하,109,여부및금액별,10000Won,만원
특성별,금액,17.4,B0401,A0301,A,T001,DT_109006_K003,개인연금 퇴직연금 주택연금 및 농지연금 수급여부와 월평균 수령액(배우자포함),개인연금 퇴직연금 주택연금 및 농지연금 수급여부와 월평균 수령액(배우자포함),2018,2019-08-05,49세 이하,109,여부및금액별,10000Won,만원
특성별,금액,0,B0401,A0301,A,T001,DT_109006_K003,개인연금 퇴직연금 주택연금 및 농지연금 수급여부와 월평균 수령액(배우자포함),개인연금 퇴직연금 주택연금 및 농지연금 수급여부와 월평균 수령액(배우자포함),2021,2022-07-13,49세 이하,109,여부및금액별,10000Won,만원
특성별,금액,46,B0401,A0301,A,T001,DT_109006_K003,개인연금 퇴직연금 주택연금 및 농지연금 수급여부와 월평균 수령액(배우자포함),개인연금 퇴직연금 주택연금 및 농지연금 수급여부와 월평균 수령액(배우자포함),2024,2025-06-30,49세 이하,109,여부및금액별,10000Won,만원
특성별,받은 연수,1.4,B0402,A0301,A,T001,DT_109006_K003,개인연금 퇴직연금 주택연금 및 농지연금 수급여부와 월평균 수령액(배우자포함),개인연금 퇴직연금 주택연금 및 농지연금 수급여부와 월평균 수령액(배우자포함),2018,2019-08-05,49세 이하,109,여부및금액별,Months,월
특성별,받은 연수,0,B0402,A0301,A,T001,DT_109006_K003,개인연금 퇴직연금 주택연금 및 농지연금 수급여부와 월평균 수령액(배우자포함),개인연금 퇴직연금 주택연금 및 농지연금 수급여부와 월평균 수령액(배우자포함),2021,2022-07-13,49세 이하,109,여부및금액별,Months,월
특성별,받은 연수,18.7,B0402,A0301,A,T001,DT_109006_K003,개인연금 퇴직연금 주택연금 및 농지연금 수급여부와 월평균 수령액(배우자포함),개인연금 퇴직연금 주택연금 및 농지연금 수급여부와 월평균 수령액(배우자포함),2024,2025-06-30,49세 이하,109,여부및금액별,Months,월
특성별,있다,1.9,B0101,A0302,A,T001,DT_109006_K003,개인연금 퇴직연금 주택연금 및 농지연금 수급여부와 월평균 수령액(배우자포함),개인연금 퇴직연금 주택연금 및 농지연금 수급여부와 월평균 수령액(배우자포함),2018,2019-08-05,50세~59세,109,여부및금액별,,
특성별,있다,1.8,B0101,A0302,A,T001,DT_109006_K003,개인연금 퇴직연금 주택연금 및 농지연금 수급여부와 월평균 수령액(배우자포함),개인연금 퇴직연금 주택연금 및 농지연금 수급여부와 월평균 수령액(배우자포함),2021,2022-07-13,50세~59세,109,여부및금액별,,
특성별,있다,4.4,B0101,A0302,A,T001,DT_109006_K003,개인연금 퇴직연금 주택연금 및 농지연금 수급여부와 월평균 수령액(배우자포함),개인연금 퇴직연금 주택연금 및 농지연금 수급여부와 월평균 수령액(배우자포함),2024,2025-06-30,50세~59세,109,여부및금액별,,
특성별,없다,98.1,B0102,A0302,A,T001,DT_109006_K003,개인연금 퇴직연금 주택연금 및 농지연금 수급여부와 월평균 수령액(배우자포함),개인연금 퇴직연금 주택연금 및 농지연금 수급여부와 월평균 수령액(배우자포함),2018,2019-08-05,50세~59세,109,여부및금액별,,
특성별,없다,98.2,B0102,A0302,A,T001,DT_109006_K003,개인연금 퇴직연금 주택연금 및 농지연금 수급여부와 월평균 수령액(배우자포함),개인연금 퇴직연금 주택연금 및 농지연금 수급여부와 월평균 수령액(배우자포함),2021,2022-07-13,50세~59세,109,여부및금액별,,
특성별,없다,95.6,B0102,A0302,A,T001,DT_109006_K003,개인연금 퇴직연금 주택연금 및 농지연금 수급여부와 월평균 수령액(배우자포함),개인연금 퇴직연금 주택연금 및 농지연금 수급여부와 월평균 수령액(배우자포함),2024,2025-06-30,50세~59세,109,여부및금액별,,
특성별,개인연금액,46.6,B02,A0302,A,T001,DT_109006_K003,개인연금 퇴직연금 주택연금 및 농지연금 수급여부와 월평균 수령액(배우자포함),개인연금 퇴직연금 주택연금 및 농지연금 수급여부와 월평균 수령액(배우자포함),2018,2019-08-05,50세~59세,109,여부및금액별,10000Won,만원
특성별,개인연금액,62.4,B02,A0302,A,T001,DT_109006_K003,개인연금 퇴직연금 주택연금 및 농지연금 수급여부와 월평균 수령액(배우자포함),개인연금 퇴직연금 주택연금 및 농지연금 수급여부와 월평균 수령액(배우자포함),2021,2022-07-13,50세~59세,109,여부및금액별,10000Won,만원
특성별,개인연금액,86,B02,A0302,A,T001,DT_109006_K003,개인연금 퇴직연금 주택연금 및 농지연금 수급여부와 월평균 수령액(배우자포함),개인연금 퇴직연금 주택연금 및 농지연금 수급여부와 월평균 수령액(배우자포함),2024,2025-07-16,50세~59세,109,여부및금액별,10000Won,만원
특성별,퇴직연금액,0,B03,A0302,A,T001,DT_109006_K003,개인연금 퇴직연금 주택연금 및 농지연금 수급여부와 월평균 수령액(배우자포함),개인연금 퇴직연금 주택연금 및 농지연금 수급여부와 월평균 수령액(배우자포함),2018,2019-08-05,50세~59세,109,여부및금액별,10000Won,만원
특성별,퇴직연금액,50.3,B03,A0302,A,T001,DT_109006_K003,개인연금 퇴직연금 주택연금 및 농지연금 수급여부와 월평균 수령액(배우자포함),개인연금 퇴직연금 주택연금 및 농지연금 수급여부와 월평균 수령액(배우자포함),2021,2022-07-13,50세~59세,109,여부및금액별,10000Won,만원
특성별,퇴직연금액,126,B03,A0302,A,T001,DT_109006_K003,개인연금 퇴직연금 주택연금 및 농지연금 수급여부와 월평균 수령액(배우자포함),개인연금 퇴직연금 주택연금 및 농지연금 수급여부와 월평균 수령액(배우자포함),2024,2025-07-16,50세~59세,109,여부및금액별,10000Won,만원
특성별,금액,0,B0401,A0302,A,T001,DT_109006_K003,개인연금 퇴직연금 주택연금 및 농지연금 수급여부와 월평균 수령액(배우자포함),개인연금 퇴직연금 주택연금 및 농지연금 수급여부와 월평균 수령액(배우자포함),2018,2019-08-05,50세~59세,109,여부및금액별,10000Won,만원
특성별,금액,0,B0401,A0302,A,T001,DT_109006_K003,개인연금 퇴직연금 주택연금 및 농지연금 수급여부와 월평균 수령액(배우자포함),개인연금 퇴직연금 주택연금 및 농지연금 수급여부와 월평균 수령액(배우자포함),2021,2022-07-13,50세~59세,109,여부및금액별,10000Won,만원
특성별,금액,36.5,B0401,A0302,A,T001,DT_109006_K003,개인연금 퇴직연금 주택연금 및 농지연금 수급여부와 월평균 수령액(배우자포함),개인연금 퇴직연금 주택연금 및 농지연금 수급여부와 월평균 수령액(배우자포함),2024,2025-07-16,50세~59세,109,여부및금액별,10000Won,만원
특성별,받은 연수,0.1,B0402,A0302,A,T001,DT_109006_K003,개인연금 퇴직연금 주택연금 및 농지연금 수급여부와 월평균 수령액(배우자포함),개인연금 퇴직연금 주택연금 및 농지연금 수급여부와 월평균 수령액(배우자포함),2018,2019-08-05,50세~59세,109,여부및금액별,Months,월
특성별,받은 연수,0,B0402,A0302,A,T001,DT_109006_K003,개인연금 퇴직연금 주택연금 및 농지연금 수급여부와 월평균 수령액(배우자포함),개인연금 퇴직연금 주택연금 및 농지연금 수급여부와 월평균 수령액(배우자포함),2021,2022-07-13,50세~59세,109,여부및금액별,Months,월
특성별,받은 연수,1,B0402,A0302,A,T001,DT_109006_K003,개인연금 퇴직연금 주택연금 및 농지연금 수급여부와 월평균 수령액(배우자포함),개인연금 퇴직연금 주택연금 및 농지연금 수급여부와 월평균 수령액(배우자포함),2024,2025-07-17,50세~59세,109,여부및금액별,Months,월
특성별,있다,2.5,B0101,A0303,A,T001,DT_109006_K003,개인연금 퇴직연금 주택연금 및 농지연금 수급여부와 월평균 수령액(배우자포함),개인연금 퇴직연금 주택연금 및 농지연금 수급여부와 월평균 수령액(배우자포함),2018,2019-08-05,60세~64세,109,여부및금액별,,
특성별,있다,4.6,B0101,A0303,A,T001,DT_109006_K003,개인연금 퇴직연금 주택연금 및 농지연금 수급여부와 월평균 수령액(배우자포함),개인연금 퇴직연금 주택연금 및 농지연금 수급여부와 월평균 수령액(배우자포함),2021,2022-07-13,60세~64세,109,여부및금액별,,
특성별,있다,4.5,B0101,A0303,A,T001,DT_109006_K003,개인연금 퇴직연금 주택연금 및 농지연금 수급여부와 월평균 수령액(배우자포함),개인연금 퇴직연금 주택연금 및 농지연금 수급여부와 월평균 수령액(배우자포함),2024,2025-06-30,60세~64세,109,여부및금액별,,
특성별,없다,97.5,B0102,A0303,A,T001,DT_109006_K003,개인연금 퇴직연금 주택연금 및 농지연금 수급여부와 월평균 수령액(배우자포함),개인연금 퇴직연금 주택연금 및 농지연금 수급여부와 월평균 수령액(배우자포함),2018,2019-08-05,60세~64세,109,여부및금액별,,
특성별,없다,95.4,B0102,A0303,A,T001,DT_109006_K003,개인연금 퇴직연금 주택연금 및 농지연금 수급여부와 월평균 수령액(배우자포함),개인연금 퇴직연금 주택연금 및 농지연금 수급여부와 월평균 수령액(배우자포함),2021,2022-07-13,60세~64세,109,여부및금액별,,
특성별,없다,95.5,B0102,A0303,A,T001,DT_109006_K003,개인연금 퇴직연금 주택연금 및 농지연금 수급여부와 월평균 수령액(배우자포함),개인연금 퇴직연금 주택연금 및 농지연금 수급여부와 월평균 수령액(배우자포함),2024,2025-06-30,60세~64세,109,여부및금액별,,
특성별,개인연금액,62.2,B02,A0303,A,T001,DT_109006_K003,개인연금 퇴직연금 주택연금 및 농지연금 수급여부와 월평균 수령액(배우자포함),개인연금 퇴직연금 주택연금 및 농지연금 수급여부와 월평균 수령액(배우자포함),2018,2019-08-05,60세~64세,109,여부및금액별,10000Won,만원
특성별,개인연금액,68.6,B02,A0303,A,T001,DT_109006_K003,개인연금 퇴직연금 주택연금 및 농지연금 수급여부와 월평균 수령액(배우자포함),개인연금 퇴직연금 주택연금 및 농지연금 수급여부와 월평균 수령액(배우자포함),2021,2022-07-13,60세~64세,109,여부및금액별,10000Won,만원
특성별,개인연금액,95.9,B02,A0303,A,T001,DT_109006_K003,개인연금 퇴직연금 주택연금 및 농지연금 수급여부와 월평균 수령액(배우자포함),개인연금 퇴직연금 주택연금 및 농지연금 수급여부와 월평균 수령액(배우자포함),2024,2025-07-16,60세~64세,109,여부및금액별,10000Won,만원
특성별,퇴직연금액,0,B03,A0303,A,T001,DT_109006_K003,개인연금 퇴직연금 주택연금 및 농지연금 수급여부와 월평균 수령액(배우자포함),개인연금 퇴직연금 주택연금 및 농지연금 수급여부와 월평균 수령액(배우자포함),2018,2019-08-05,60세~64세,109,여부및금액별,10000Won,만원
특성별,퇴직연금액,0,B03,A0303,A,T001,DT_109006_K003,개인연금 퇴직연금 주택연금 및 농지연금 수급여부와 월평균 수령액(배우자포함),개인연금 퇴직연금 주택연금 및 농지연금 수급여부와 월평균 수령액(배우자포함),2021,2022-07-13,60세~64세,109,여부및금액별,10000Won,만원
특성별,퇴직연금액,158.4,B03,A0303,A,T001,DT_109006_K003,개인연금 퇴직연금 주택연금 및 농지연금 수급여부와 월평균 수령액(배우자포함),개인연금 퇴직연금 주택연금 및 농지연금 수급여부와 월평균 수령액(배우자포함),2024,2025-07-16,60세~64세,109,여부및금액별,10000Won,만원
특성별,금액,1.3,B0401,A0303,A,T001,DT_109006_K003,개인연금 퇴직연금 주택연금 및 농지연금 수급여부와 월평균 수령액(배우자포함),개인연금 퇴직연금 주택연금 및 농지연금 수급여부와 월평균 수령액(배우자포함),2018,2019-08-05,60세~64세,109,여부및금액별,10000Won,만원
특성별,금액,42.2,B0401,A0303,A,T001,DT_109006_K003,개인연금 퇴직연금 주택연금 및 농지연금 수급여부와 월평균 수령액(배우자포함),개인연금 퇴직연금 주택연금 및 농지연금 수급여부와 월평균 수령액(배우자포함),2021,2022-07-13,60세~64세,109,여부및금액별,10000Won,만원
특성별,금액,0,B0401,A0303,A,T001,DT_109006_K003,개인연금 퇴직연금 주택연금 및 농지연금 수급여부와 월평균 수령액(배우자포함),개인연금 퇴직연금 주택연금 및 농지연금 수급여부와 월평균 수령액(배우자포함),2024,2025-07-17,60세~64세,109,여부및금액별,10000Won,만원
특성별,받은 연수,0,B0402,A0303,A,T001,DT_109006_K003,개인연금 퇴직연금 주택연금 및 농지연금 수급여부와 월평균 수령액(배우자포함),개인연금 퇴직연금 주택연금 및 농지연금 수급여부와 월평균 수령액(배우자포함),2018,2019-08-05,60세~64세,109,여부및금액별,Months,월
특성별,받은 연수,2.2,B0402,A0303,A,T001,DT_109006_K003,개인연금 퇴직연금 주택연금 및 농지연금 수급여부와 월평균 수령액(배우자포함),개인연금 퇴직연금 주택연금 및 농지연금 수급여부와 월평균 수령액(배우자포함),2021,2022-07-13,60세~64세,109,여부및금액별,Months,월
특성별,받은 연수,0,B0402,A0303,A,T001,DT_109006_K003,개인연금 퇴직연금 주택연금 및 농지연금 수급여부와 월평균 수령액(배우자포함),개인연금 퇴직연금 주택연금 및 농지연금 수급여부와 월평균 수령액(배우자포함),2024,2025-06-30,60세~64세,109,여부및금액별,Months,월
특성별,있다,2.7,B0101,A0304,A,T001,DT_109006_K003,개인연금 퇴직연금 주택연금 및 농지연금 수급여부와 월평균 수령액(배우자포함),개인연금 퇴직연금 주택연금 및 농지연금 수급여부와 월평균 수령액(배우자포함),2018,2019-08-05,65세~74세,109,여부및금액별,,
특성별,있다,4.1,B0101,A0304,A,T001,DT_109006_K003,개인연금 퇴직연금 주택연금 및 농지연금 수급여부와 월평균 수령액(배우자포함),개인연금 퇴직연금 주택연금 및 농지연금 수급여부와 월평균 수령액(배우자포함),2021,2022-07-13,65세~74세,109,여부및금액별,,
특성별,있다,5,B0101,A0304,A,T001,DT_109006_K003,개인연금 퇴직연금 주택연금 및 농지연금 수급여부와 월평균 수령액(배우자포함),개인연금 퇴직연금 주택연금 및 농지연금 수급여부와 월평균 수령액(배우자포함),2024,2025-06-30,65세~74세,109,여부및금액별,,
특성별,없다,97.3,B0102,A0304,A,T001,DT_109006_K003,개인연금 퇴직연금 주택연금 및 농지연금 수급여부와 월평균 수령액(배우자포함),개인연금 퇴직연금 주택연금 및 농지연금 수급여부와 월평균 수령액(배우자포함),2018,2019-08-05,65세~74세,109,여부및금액별,,
특성별,없다,95.9,B0102,A0304,A,T001,DT_109006_K003,개인연금 퇴직연금 주택연금 및 농지연금 수급여부와 월평균 수령액(배우자포함),개인연금 퇴직연금 주택연금 및 농지연금 수급여부와 월평균 수령액(배우자포함),2021,2022-07-13,65세~74세,109,여부및금액별,,
특성별,없다,95,B0102,A0304,A,T001,DT_109006_K003,개인연금 퇴직연금 주택연금 및 농지연금 수급여부와 월평균 수령액(배우자포함),개인연금 퇴직연금 주택연금 및 농지연금 수급여부와 월평균 수령액(배우자포함),2024,2025-06-30,65세~74세,109,여부및금액별,,
특성별,개인연금액,43.5,B02,A0304,A,T001,DT_109006_K003,개인연금 퇴직연금 주택연금 및 농지연금 수급여부와 월평균 수령액(배우자포함),개인연금 퇴직연금 주택연금 및 농지연금 수급여부와 월평균 수령액(배우자포함),2018,2019-08-05,65세~74세,109,여부및금액별,10000Won,만원
특성별,개인연금액,61.8,B02,A0304,A,T001,DT_109006_K003,개인연금 퇴직연금 주택연금 및 농지연금 수급여부와 월평균 수령액(배우자포함),개인연금 퇴직연금 주택연금 및 농지연금 수급여부와 월평균 수령액(배우자포함),2021,2022-07-13,65세~74세,109,여부및금액별,10000Won,만원
특성별,개인연금액,84,B02,A0304,A,T001,DT_109006_K003,개인연금 퇴직연금 주택연금 및 농지연금 수급여부와 월평균 수령액(배우자포함),개인연금 퇴직연금 주택연금 및 농지연금 수급여부와 월평균 수령액(배우자포함),2024,2025-07-16,65세~74세,109,여부및금액별,10000Won,만원
특성별,퇴직연금액,18.3,B03,A0304,A,T001,DT_109006_K003,개인연금 퇴직연금 주택연금 및 농지연금 수급여부와 월평균 수령액(배우자포함),개인연금 퇴직연금 주택연금 및 농지연금 수급여부와 월평균 수령액(배우자포함),2018,2019-08-05,65세~74세,109,여부및금액별,10000Won,만원
특성별,퇴직연금액,73,B03,A0304,A,T001,DT_109006_K003,개인연금 퇴직연금 주택연금 및 농지연금 수급여부와 월평균 수령액(배우자포함),개인연금 퇴직연금 주택연금 및 농지연금 수급여부와 월평균 수령액(배우자포함),2021,2022-07-13,65세~74세,109,여부및금액별,10000Won,만원
특성별,퇴직연금액,147.8,B03,A0304,A,T001,DT_109006_K003,개인연금 퇴직연금 주택연금 및 농지연금 수급여부와 월평균 수령액(배우자포함),개인연금 퇴직연금 주택연금 및 농지연금 수급여부와 월평균 수령액(배우자포함),2024,2025-07-16,65세~74세,109,여부및금액별,10000Won,만원
특성별,금액,3.9,B0401,A0304,A,T001,DT_109006_K003,개인연금 퇴직연금 주택연금 및 농지연금 수급여부와 월평균 수령액(배우자포함),개인연금 퇴직연금 주택연금 및 농지연금 수급여부와 월평균 수령액(배우자포함),2018,2019-08-05,65세~74세,109,여부및금액별,10000Won,만원
특성별,금액,99.9,B0401,A0304,A,T001,DT_109006_K003,개인연금 퇴직연금 주택연금 및 농지연금 수급여부와 월평균 수령액(배우자포함),개인연금 퇴직연금 주택연금 및 농지연금 수급여부와 월평균 수령액(배우자포함),2021,2022-07-13,65세~74세,109,여부및금액별,10000Won,만원
특성별,금액,153.8,B0401,A0304,A,T001,DT_109006_K003,개인연금 퇴직연금 주택연금 및 농지연금 수급여부와 월평균 수령액(배우자포함),개인연금 퇴직연금 주택연금 및 농지연금 수급여부와 월평균 수령액(배우자포함),2024,2025-07-17,65세~74세,109,여부및금액별,10000Won,만원
특성별,받은 연수,0.9,B0402,A0304,A,T001,DT_109006_K003,개인연금 퇴직연금 주택연금 및 농지연금 수급여부와 월평균 수령액(배우자포함),개인연금 퇴직연금 주택연금 및 농지연금 수급여부와 월평균 수령액(배우자포함),2018,2019-08-05,65세~74세,109,여부및금액별,Months,월
특성별,받은 연수,3.6,B0402,A0304,A,T001,DT_109006_K003,개인연금 퇴직연금 주택연금 및 농지연금 수급여부와 월평균 수령액(배우자포함),개인연금 퇴직연금 주택연금 및 농지연금 수급여부와 월평균 수령액(배우자포함),2021,2022-07-13,65세~74세,109,여부및금액별,Months,월
특성별,받은 연수,17.4,B0402,A0304,A,T001,DT_109006_K003,개인연금 퇴직연금 주택연금 및 농지연금 수급여부와 월평균 수령액(배우자포함),개인연금 퇴직연금 주택연금 및 농지연금 수급여부와 월평균 수령액(배우자포함),2024,2025-07-16,65세~74세,109,여부및금액별,Months,월
특성별,있다,2,B0101,A0305,A,T001,DT_109006_K003,개인연금 퇴직연금 주택연금 및 농지연금 수급여부와 월평균 수령액(배우자포함),개인연금 퇴직연금 주택연금 및 농지연금 수급여부와 월평균 수령액(배우자포함),2018,2019-08-05,75세 이상,109,여부및금액별,,
특성별,있다,3.2,B0101,A0305,A,T001,DT_109006_K003,개인연금 퇴직연금 주택연금 및 농지연금 수급여부와 월평균 수령액(배우자포함),개인연금 퇴직연금 주택연금 및 농지연금 수급여부와 월평균 수령액(배우자포함),2021,2022-07-13,75세 이상,109,여부및금액별,,
특성별,있다,2.8,B0101,A0305,A,T001,DT_109006_K003,개인연금 퇴직연금 주택연금 및 농지연금 수급여부와 월평균 수령액(배우자포함),개인연금 퇴직연금 주택연금 및 농지연금 수급여부와 월평균 수령액(배우자포함),2024,2025-06-30,75세 이상,109,여부및금액별,,
특성별,없다,98,B0102,A0305,A,T001,DT_109006_K003,개인연금 퇴직연금 주택연금 및 농지연금 수급여부와 월평균 수령액(배우자포함),개인연금 퇴직연금 주택연금 및 농지연금 수급여부와 월평균 수령액(배우자포함),2018,2019-08-05,75세 이상,109,여부및금액별,,
특성별,없다,96.8,B0102,A0305,A,T001,DT_109006_K003,개인연금 퇴직연금 주택연금 및 농지연금 수급여부와 월평균 수령액(배우자포함),개인연금 퇴직연금 주택연금 및 농지연금 수급여부와 월평균 수령액(배우자포함),2021,2022-07-13,75세 이상,109,여부및금액별,,
특성별,없다,97.2,B0102,A0305,A,T001,DT_109006_K003,개인연금 퇴직연금 주택연금 및 농지연금 수급여부와 월평균 수령액(배우자포함),개인연금 퇴직연금 주택연금 및 농지연금 수급여부와 월평균 수령액(배우자포함),2024,2025-06-30,75세 이상,109,여부및금액별,,
특성별,개인연금액,27,B02,A0305,A,T001,DT_109006_K003,개인연금 퇴직연금 주택연금 및 농지연금 수급여부와 월평균 수령액(배우자포함),개인연금 퇴직연금 주택연금 및 농지연금 수급여부와 월평균 수령액(배우자포함),2018,2019-08-05,75세 이상,109,여부및금액별,10000Won,만원
특성별,개인연금액,69.4,B02,A0305,A,T001,DT_109006_K003,개인연금 퇴직연금 주택연금 및 농지연금 수급여부와 월평균 수령액(배우자포함),개인연금 퇴직연금 주택연금 및 농지연금 수급여부와 월평균 수령액(배우자포함),2021,2022-07-13,75세 이상,109,여부및금액별,10000Won,만원
특성별,개인연금액,71.7,B02,A0305,A,T001,DT_109006_K003,개인연금 퇴직연금 주택연금 및 농지연금 수급여부와 월평균 수령액(배우자포함),개인연금 퇴직연금 주택연금 및 농지연금 수급여부와 월평균 수령액(배우자포함),2024,2025-07-16,75세 이상,109,여부및금액별,10000Won,만원
특성별,퇴직연금액,9.9,B03,A0305,A,T001,DT_109006_K003,개인연금 퇴직연금 주택연금 및 농지연금 수급여부와 월평균 수령액(배우자포함),개인연금 퇴직연금 주택연금 및 농지연금 수급여부와 월평균 수령액(배우자포함),2018,2019-08-05,75세 이상,109,여부및금액별,10000Won,만원
특성별,퇴직연금액,81.6,B03,A0305,A,T001,DT_109006_K003,개인연금 퇴직연금 주택연금 및 농지연금 수급여부와 월평균 수령액(배우자포함),개인연금 퇴직연금 주택연금 및 농지연금 수급여부와 월평균 수령액(배우자포함),2021,2022-07-13,75세 이상,109,여부및금액별,10000Won,만원
특성별,퇴직연금액,88.4,B03,A0305,A,T001,DT_109006_K003,개인연금 퇴직연금 주택연금 및 농지연금 수급여부와 월평균 수령액(배우자포함),개인연금 퇴직연금 주택연금 및 농지연금 수급여부와 월평균 수령액(배우자포함),2024,2025-07-16,75세 이상,109,여부및금액별,10000Won,만원
특성별,금액,48.9,B0401,A0305,A,T001,DT_109006_K003,개인연금 퇴직연금 주택연금 및 농지연금 수급여부와 월평균 수령액(배우자포함),개인연금 퇴직연금 주택연금 및 농지연금 수급여부와 월평균 수령액(배우자포함),2018,2019-08-05,75세 이상,109,여부및금액별,10000Won,만원
특성별,금액,142,B0401,A0305,A,T001,DT_109006_K003,개인연금 퇴직연금 주택연금 및 농지연금 수급여부와 월평균 수령액(배우자포함),개인연금 퇴직연금 주택연금 및 농지연금 수급여부와 월평균 수령액(배우자포함),2021,2022-07-13,75세 이상,109,여부및금액별,10000Won,만원
특성별,금액,106.5,B0401,A0305,A,T001,DT_109006_K003,개인연금 퇴직연금 주택연금 및 농지연금 수급여부와 월평균 수령액(배우자포함),개인연금 퇴직연금 주택연금 및 농지연금 수급여부와 월평균 수령액(배우자포함),2024,2025-07-17,75세 이상,109,여부및금액별,10000Won,만원
특성별,받은 연수,2.4,B0402,A0305,A,T001,DT_109006_K003,개인연금 퇴직연금 주택연금 및 농지연금 수급여부와 월평균 수령액(배우자포함),개인연금 퇴직연금 주택연금 및 농지연금 수급여부와 월평균 수령액(배우자포함),2018,2019-08-05,75세 이상,109,여부및금액별,Months,월
특성별,받은 연수,6.1,B0402,A0305,A,T001,DT_109006_K003,개인연금 퇴직연금 주택연금 및 농지연금 수급여부와 월평균 수령액(배우자포함),개인연금 퇴직연금 주택연금 및 농지연금 수급여부와 월평균 수령액(배우자포함),2021,2022-07-13,75세 이상,109,여부및금액별,Months,월
특성별,받은 연수,11.4,B0402,A0305,A,T001,DT_109006_K003,개인연금 퇴직연금 주택연금 및 농지연금 수급여부와 월평균 수령액(배우자포함),개인연금 퇴직연금 주택연금 및 농지연금 수급여부와 월평균 수령액(배우자포함),2024,2025-07-16,75세 이상,109,여부및금액별,Months,월
특성별,있다,3.5,B0101,A0401,A,T001,DT_109006_K003,개인연금 퇴직연금 주택연금 및 농지연금 수급여부와 월평균 수령액(배우자포함),개인연금 퇴직연금 주택연금 및 농지연금 수급여부와 월평균 수령액(배우자포함),2018,2019-08-05,독립유공자,109,여부및금액별,,
특성별,있다,2.4,B0101,A0401,A,T001,DT_109006_K003,개인연금 퇴직연금 주택연금 및 농지연금 수급여부와 월평균 수령액(배우자포함),개인연금 퇴직연금 주택연금 및 농지연금 수급여부와 월평균 수령액(배우자포함),2021,2022-07-13,독립유공자,109,여부및금액별,,
특성별,있다,5.2,B0101,A0401,A,T001,DT_109006_K003,개인연금 퇴직연금 주택연금 및 농지연금 수급여부와 월평균 수령액(배우자포함),개인연금 퇴직연금 주택연금 및 농지연금 수급여부와 월평균 수령액(배우자포함),2024,2025-06-30,독립유공자,109,여부및금액별,,
특성별,없다,96.5,B0102,A0401,A,T001,DT_109006_K003,개인연금 퇴직연금 주택연금 및 농지연금 수급여부와 월평균 수령액(배우자포함),개인연금 퇴직연금 주택연금 및 농지연금 수급여부와 월평균 수령액(배우자포함),2018,2019-08-05,독립유공자,109,여부및금액별,,
특성별,없다,97.6,B0102,A0401,A,T001,DT_109006_K003,개인연금 퇴직연금 주택연금 및 농지연금 수급여부와 월평균 수령액(배우자포함),개인연금 퇴직연금 주택연금 및 농지연금 수급여부와 월평균 수령액(배우자포함),2021,2022-07-13,독립유공자,109,여부및금액별,,
특성별,없다,94.8,B0102,A0401,A,T001,DT_109006_K003,개인연금 퇴직연금 주택연금 및 농지연금 수급여부와 월평균 수령액(배우자포함),개인연금 퇴직연금 주택연금 및 농지연금 수급여부와 월평균 수령액(배우자포함),2024,2025-06-30,독립유공자,109,여부및금액별,,
특성별,개인연금액,49.4,B02,A0401,A,T001,DT_109006_K003,개인연금 퇴직연금 주택연금 및 농지연금 수급여부와 월평균 수령액(배우자포함),개인연금 퇴직연금 주택연금 및 농지연금 수급여부와 월평균 수령액(배우자포함),2018,2019-08-05,독립유공자,109,여부및금액별,10000Won,만원
특성별,개인연금액,54.7,B02,A0401,A,T001,DT_109006_K003,개인연금 퇴직연금 주택연금 및 농지연금 수급여부와 월평균 수령액(배우자포함),개인연금 퇴직연금 주택연금 및 농지연금 수급여부와 월평균 수령액(배우자포함),2021,2022-07-13,독립유공자,109,여부및금액별,10000Won,만원
특성별,개인연금액,54.6,B02,A0401,A,T001,DT_109006_K003,개인연금 퇴직연금 주택연금 및 농지연금 수급여부와 월평균 수령액(배우자포함),개인연금 퇴직연금 주택연금 및 농지연금 수급여부와 월평균 수령액(배우자포함),2024,2025-07-16,독립유공자,109,여부및금액별,10000Won,만원
특성별,퇴직연금액,23.4,B03,A0401,A,T001,DT_109006_K003,개인연금 퇴직연금 주택연금 및 농지연금 수급여부와 월평균 수령액(배우자포함),개인연금 퇴직연금 주택연금 및 농지연금 수급여부와 월평균 수령액(배우자포함),2018,2019-08-05,독립유공자,109,여부및금액별,10000Won,만원
특성별,퇴직연금액,0,B03,A0401,A,T001,DT_109006_K003,개인연금 퇴직연금 주택연금 및 농지연금 수급여부와 월평균 수령액(배우자포함),개인연금 퇴직연금 주택연금 및 농지연금 수급여부와 월평균 수령액(배우자포함),2021,2022-07-13,독립유공자,109,여부및금액별,10000Won,만원
특성별,퇴직연금액,178.6,B03,A0401,A,T001,DT_109006_K003,개인연금 퇴직연금 주택연금 및 농지연금 수급여부와 월평균 수령액(배우자포함),개인연금 퇴직연금 주택연금 및 농지연금 수급여부와 월평균 수령액(배우자포함),2024,2025-07-17,독립유공자,109,여부및금액별,10000Won,만원
특성별,금액,10.9,B0401,A0401,A,T001,DT_109006_K003,개인연금 퇴직연금 주택연금 및 농지연금 수급여부와 월평균 수령액(배우자포함),개인연금 퇴직연금 주택연금 및 농지연금 수급여부와 월평균 수령액(배우자포함),2018,2019-08-05,독립유공자,109,여부및금액별,10000Won,만원
특성별,금액,17,B0401,A0401,A,T001,DT_109006_K003,개인연금 퇴직연금 주택연금 및 농지연금 수급여부와 월평균 수령액(배우자포함),개인연금 퇴직연금 주택연금 및 농지연금 수급여부와 월평균 수령액(배우자포함),2021,2022-07-13,독립유공자,109,여부및금액별,10000Won,만원
특성별,금액,131.1,B0401,A0401,A,T001,DT_109006_K003,개인연금 퇴직연금 주택연금 및 농지연금 수급여부와 월평균 수령액(배우자포함),개인연금 퇴직연금 주택연금 및 농지연금 수급여부와 월평균 수령액(배우자포함),2024,2025-07-16,독립유공자,109,여부및금액별,10000Won,만원
특성별,받은 연수,0.4,B0402,A0401,A,T001,DT_109006_K003,개인연금 퇴직연금 주택연금 및 농지연금 수급여부와 월평균 수령액(배우자포함),개인연금 퇴직연금 주택연금 및 농지연금 수급여부와 월평균 수령액(배우자포함),2018,2019-08-05,독립유공자,109,여부및금액별,Months,월
특성별,받은 연수,20,B0402,A0401,A,T001,DT_109006_K003,개인연금 퇴직연금 주택연금 및 농지연금 수급여부와 월평균 수령액(배우자포함),개인연금 퇴직연금 주택연금 및 농지연금 수급여부와 월평균 수령액(배우자포함),2021,2022-07-13,독립유공자,109,여부및금액별,Months,월
특성별,받은 연수,9.7,B0402,A0401,A,T001,DT_109006_K003,개인연금 퇴직연금 주택연금 및 농지연금 수급여부와 월평균 수령액(배우자포함),개인연금 퇴직연금 주택연금 및 농지연금 수급여부와 월평균 수령액(배우자포함),2024,2025-07-16,독립유공자,109,여부및금액별,Months,월
특성별,있다,1.8,B0101,A0402,A,T001,DT_109006_K003,개인연금 퇴직연금 주택연금 및 농지연금 수급여부와 월평균 수령액(배우자포함),개인연금 퇴직연금 주택연금 및 농지연금 수급여부와 월평균 수령액(배우자포함),2018,2019-08-05,국가유공자(본인),109,여부및금액별,,
특성별,있다,2.4,B0101,A0402,A,T001,DT_109006_K003,개인연금 퇴직연금 주택연금 및 농지연금 수급여부와 월평균 수령액(배우자포함),개인연금 퇴직연금 주택연금 및 농지연금 수급여부와 월평균 수령액(배우자포함),2021,2022-07-13,국가유공자(본인),109,여부및금액별,,
특성별,있다,3.7,B0101,A0402,A,T001,DT_109006_K003,개인연금 퇴직연금 주택연금 및 농지연금 수급여부와 월평균 수령액(배우자포함),개인연금 퇴직연금 주택연금 및 농지연금 수급여부와 월평균 수령액(배우자포함),2024,2025-06-30,국가유공자(본인),109,여부및금액별,,
특성별,없다,98.2,B0102,A0402,A,T001,DT_109006_K003,개인연금 퇴직연금 주택연금 및 농지연금 수급여부와 월평균 수령액(배우자포함),개인연금 퇴직연금 주택연금 및 농지연금 수급여부와 월평균 수령액(배우자포함),2018,2019-08-05,국가유공자(본인),109,여부및금액별,,
특성별,없다,97.6,B0102,A0402,A,T001,DT_109006_K003,개인연금 퇴직연금 주택연금 및 농지연금 수급여부와 월평균 수령액(배우자포함),개인연금 퇴직연금 주택연금 및 농지연금 수급여부와 월평균 수령액(배우자포함),2021,2022-07-13,국가유공자(본인),109,여부및금액별,,
특성별,없다,96.3,B0102,A0402,A,T001,DT_109006_K003,개인연금 퇴직연금 주택연금 및 농지연금 수급여부와 월평균 수령액(배우자포함),개인연금 퇴직연금 주택연금 및 농지연금 수급여부와 월평균 수령액(배우자포함),2024,2025-07-17,국가유공자(본인),109,여부및금액별,,
특성별,개인연금액,30.2,B02,A0402,A,T001,DT_109006_K003,개인연금 퇴직연금 주택연금 및 농지연금 수급여부와 월평균 수령액(배우자포함),개인연금 퇴직연금 주택연금 및 농지연금 수급여부와 월평균 수령액(배우자포함),2018,2019-08-05,국가유공자(본인),109,여부및금액별,10000Won,만원
특성별,개인연금액,83.8,B02,A0402,A,T001,DT_109006_K003,개인연금 퇴직연금 주택연금 및 농지연금 수급여부와 월평균 수령액(배우자포함),개인연금 퇴직연금 주택연금 및 농지연금 수급여부와 월평균 수령액(배우자포함),2021,2022-07-13,국가유공자(본인),109,여부및금액별,10000Won,만원
특성별,개인연금액,67.7,B02,A0402,A,T001,DT_109006_K003,개인연금 퇴직연금 주택연금 및 농지연금 수급여부와 월평균 수령액(배우자포함),개인연금 퇴직연금 주택연금 및 농지연금 수급여부와 월평균 수령액(배우자포함),2024,2025-07-16,국가유공자(본인),109,여부및금액별,10000Won,만원
특성별,퇴직연금액,29.4,B03,A0402,A,T001,DT_109006_K003,개인연금 퇴직연금 주택연금 및 농지연금 수급여부와 월평균 수령액(배우자포함),개인연금 퇴직연금 주택연금 및 농지연금 수급여부와 월평균 수령액(배우자포함),2018,2019-08-05,국가유공자(본인),109,여부및금액별,10000Won,만원
특성별,퇴직연금액,75,B03,A0402,A,T001,DT_109006_K003,개인연금 퇴직연금 주택연금 및 농지연금 수급여부와 월평균 수령액(배우자포함),개인연금 퇴직연금 주택연금 및 농지연금 수급여부와 월평균 수령액(배우자포함),2021,2022-07-13,국가유공자(본인),109,여부및금액별,10000Won,만원
특성별,퇴직연금액,37.8,B03,A0402,A,T001,DT_109006_K003,개인연금 퇴직연금 주택연금 및 농지연금 수급여부와 월평균 수령액(배우자포함),개인연금 퇴직연금 주택연금 및 농지연금 수급여부와 월평균 수령액(배우자포함),2024,2025-07-16,국가유공자(본인),109,여부및금액별,10000Won,만원
특성별,금액,8.7,B0401,A0402,A,T001,DT_109006_K003,개인연금 퇴직연금 주택연금 및 농지연금 수급여부와 월평균 수령액(배우자포함),개인연금 퇴직연금 주택연금 및 농지연금 수급여부와 월평균 수령액(배우자포함),2018,2019-08-05,국가유공자(본인),109,여부및금액별,10000Won,만원
특성별,금액,241.9,B0401,A0402,A,T001,DT_109006_K003,개인연금 퇴직연금 주택연금 및 농지연금 수급여부와 월평균 수령액(배우자포함),개인연금 퇴직연금 주택연금 및 농지연금 수급여부와 월평균 수령액(배우자포함),2021,2022-07-13,국가유공자(본인),109,여부및금액별,10000Won,만원
특성별,금액,92.7,B0401,A0402,A,T001,DT_109006_K003,개인연금 퇴직연금 주택연금 및 농지연금 수급여부와 월평균 수령액(배우자포함),개인연금 퇴직연금 주택연금 및 농지연금 수급여부와 월평균 수령액(배우자포함),2024,2025-07-16,국가유공자(본인),109,여부및금액별,10000Won,만원
특성별,받은 연수,0.7,B0402,A0402,A,T001,DT_109006_K003,개인연금 퇴직연금 주택연금 및 농지연금 수급여부와 월평균 수령액(배우자포함),개인연금 퇴직연금 주택연금 및 농지연금 수급여부와 월평균 수령액(배우자포함),2018,2019-08-05,국가유공자(본인),109,여부및금액별,Months,월
특성별,받은 연수,7.4,B0402,A0402,A,T001,DT_109006_K003,개인연금 퇴직연금 주택연금 및 농지연금 수급여부와 월평균 수령액(배우자포함),개인연금 퇴직연금 주택연금 및 농지연금 수급여부와 월평균 수령액(배우자포함),2021,2022-07-13,국가유공자(본인),109,여부및금액별,Months,월
특성별,받은 연수,13.9,B0402,A0402,A,T001,DT_109006_K003,개인연금 퇴직연금 주택연금 및 농지연금 수급여부와 월평균 수령액(배우자포함),개인연금 퇴직연금 주택연금 및 농지연금 수급여부와 월평균 수령액(배우자포함),2024,2025-07-16,국가유공자(본인),109,여부및금액별,Months,월
특성별,있다,1.9,B0101,A0403,A,T001,DT_109006_K003,개인연금 퇴직연금 주택연금 및 농지연금 수급여부와 월평균 수령액(배우자포함),개인연금 퇴직연금 주택연금 및 농지연금 수급여부와 월평균 수령액(배우자포함),2018,2019-08-05,국가유공자(유족),109,여부및금액별,,
특성별,있다,3.1,B0101,A0403,A,T001,DT_109006_K003,개인연금 퇴직연금 주택연금 및 농지연금 수급여부와 월평균 수령액(배우자포함),개인연금 퇴직연금 주택연금 및 농지연금 수급여부와 월평균 수령액(배우자포함),2021,2022-07-13,국가유공자(유족),109,여부및금액별,,
특성별,있다,3,B0101,A0403,A,T001,DT_109006_K003,개인연금 퇴직연금 주택연금 및 농지연금 수급여부와 월평균 수령액(배우자포함),개인연금 퇴직연금 주택연금 및 농지연금 수급여부와 월평균 수령액(배우자포함),2024,2025-06-30,국가유공자(유족),109,여부및금액별,,
특성별,없다,98.1,B0102,A0403,A,T001,DT_109006_K003,개인연금 퇴직연금 주택연금 및 농지연금 수급여부와 월평균 수령액(배우자포함),개인연금 퇴직연금 주택연금 및 농지연금 수급여부와 월평균 수령액(배우자포함),2018,2019-08-05,국가유공자(유족),109,여부및금액별,,
특성별,없다,96.9,B0102,A0403,A,T001,DT_109006_K003,개인연금 퇴직연금 주택연금 및 농지연금 수급여부와 월평균 수령액(배우자포함),개인연금 퇴직연금 주택연금 및 농지연금 수급여부와 월평균 수령액(배우자포함),2021,2022-07-13,국가유공자(유족),109,여부및금액별,,
특성별,없다,97,B0102,A0403,A,T001,DT_109006_K003,개인연금 퇴직연금 주택연금 및 농지연금 수급여부와 월평균 수령액(배우자포함),개인연금 퇴직연금 주택연금 및 농지연금 수급여부와 월평균 수령액(배우자포함),2024,2025-06-30,국가유공자(유족),109,여부및금액별,,
특성별,개인연금액,46.3,B02,A0403,A,T001,DT_109006_K003,개인연금 퇴직연금 주택연금 및 농지연금 수급여부와 월평균 수령액(배우자포함),개인연금 퇴직연금 주택연금 및 농지연금 수급여부와 월평균 수령액(배우자포함),2018,2019-08-05,국가유공자(유족),109,여부및금액별,10000Won,만원
특성별,개인연금액,65.8,B02,A0403,A,T001,DT_109006_K003,개인연금 퇴직연금 주택연금 및 농지연금 수급여부와 월평균 수령액(배우자포함),개인연금 퇴직연금 주택연금 및 농지연금 수급여부와 월평균 수령액(배우자포함),2021,2022-07-13,국가유공자(유족),109,여부및금액별,10000Won,만원
특성별,개인연금액,84.5,B02,A0403,A,T001,DT_109006_K003,개인연금 퇴직연금 주택연금 및 농지연금 수급여부와 월평균 수령액(배우자포함),개인연금 퇴직연금 주택연금 및 농지연금 수급여부와 월평균 수령액(배우자포함),2024,2025-07-16,국가유공자(유족),109,여부및금액별,10000Won,만원
특성별,퇴직연금액,6,B03,A0403,A,T001,DT_109006_K003,개인연금 퇴직연금 주택연금 및 농지연금 수급여부와 월평균 수령액(배우자포함),개인연금 퇴직연금 주택연금 및 농지연금 수급여부와 월평균 수령액(배우자포함),2018,2019-08-05,국가유공자(유족),109,여부및금액별,10000Won,만원
특성별,퇴직연금액,83.9,B03,A0403,A,T001,DT_109006_K003,개인연금 퇴직연금 주택연금 및 농지연금 수급여부와 월평균 수령액(배우자포함),개인연금 퇴직연금 주택연금 및 농지연금 수급여부와 월평균 수령액(배우자포함),2021,2022-07-13,국가유공자(유족),109,여부및금액별,10000Won,만원
특성별,퇴직연금액,205.4,B03,A0403,A,T001,DT_109006_K003,개인연금 퇴직연금 주택연금 및 농지연금 수급여부와 월평균 수령액(배우자포함),개인연금 퇴직연금 주택연금 및 농지연금 수급여부와 월평균 수령액(배우자포함),2024,2025-07-16,국가유공자(유족),109,여부및금액별,10000Won,만원
특성별,금액,34.1,B0401,A0403,A,T001,DT_109006_K003,개인연금 퇴직연금 주택연금 및 농지연금 수급여부와 월평균 수령액(배우자포함),개인연금 퇴직연금 주택연금 및 농지연금 수급여부와 월평균 수령액(배우자포함),2018,2019-08-05,국가유공자(유족),109,여부및금액별,10000Won,만원
특성별,금액,107.1,B0401,A0403,A,T001,DT_109006_K003,개인연금 퇴직연금 주택연금 및 농지연금 수급여부와 월평균 수령액(배우자포함),개인연금 퇴직연금 주택연금 및 농지연금 수급여부와 월평균 수령액(배우자포함),2021,2022-07-13,국가유공자(유족),109,여부및금액별,10000Won,만원
특성별,금액,97.1,B0401,A0403,A,T001,DT_109006_K003,개인연금 퇴직연금 주택연금 및 농지연금 수급여부와 월평균 수령액(배우자포함),개인연금 퇴직연금 주택연금 및 농지연금 수급여부와 월평균 수령액(배우자포함),2024,2025-07-16,국가유공자(유족),109,여부및금액별,10000Won,만원
특성별,받은 연수,1.3,B0402,A0403,A,T001,DT_109006_K003,개인연금 퇴직연금 주택연금 및 농지연금 수급여부와 월평균 수령액(배우자포함),개인연금 퇴직연금 주택연금 및 농지연금 수급여부와 월평균 수령액(배우자포함),2018,2019-08-05,국가유공자(유족),109,여부및금액별,Months,월
특성별,받은 연수,4.3,B0402,A0403,A,T001,DT_109006_K003,개인연금 퇴직연금 주택연금 및 농지연금 수급여부와 월평균 수령액(배우자포함),개인연금 퇴직연금 주택연금 및 농지연금 수급여부와 월평균 수령액(배우자포함),2021,2022-07-13,국가유공자(유족),109,여부및금액별,Months,월
특성별,받은 연수,15,B0402,A0403,A,T001,DT_109006_K003,개인연금 퇴직연금 주택연금 및 농지연금 수급여부와 월평균 수령액(배우자포함),개인연금 퇴직연금 주택연금 및 농지연금 수급여부와 월평균 수령액(배우자포함),2024,2025-07-16,국가유공자(유족),109,여부및금액별,Months,월
특성별,있다,1.4,B0101,A0404,A,T001,DT_109006_K003,개인연금 퇴직연금 주택연금 및 농지연금 수급여부와 월평균 수령액(배우자포함),개인연금 퇴직연금 주택연금 및 농지연금 수급여부와 월평균 수령액(배우자포함),2018,2019-08-05,5·18민주유공자,109,여부및금액별,,
특성별,있다,6.3,B0101,A0404,A,T001,DT_109006_K003,개인연금 퇴직연금 주택연금 및 농지연금 수급여부와 월평균 수령액(배우자포함),개인연금 퇴직연금 주택연금 및 농지연금 수급여부와 월평균 수령액(배우자포함),2021,2022-07-13,5·18민주유공자,109,여부및금액별,,
특성별,있다,4.1,B0101,A0404,A,T001,DT_109006_K003,개인연금 퇴직연금 주택연금 및 농지연금 수급여부와 월평균 수령액(배우자포함),개인연금 퇴직연금 주택연금 및 농지연금 수급여부와 월평균 수령액(배우자포함),2024,2025-07-17,5·18민주유공자,109,여부및금액별,,
특성별,없다,98.6,B0102,A0404,A,T001,DT_109006_K003,개인연금 퇴직연금 주택연금 및 농지연금 수급여부와 월평균 수령액(배우자포함),개인연금 퇴직연금 주택연금 및 농지연금 수급여부와 월평균 수령액(배우자포함),2018,2019-08-05,5·18민주유공자,109,여부및금액별,,
특성별,없다,93.7,B0102,A0404,A,T001,DT_109006_K003,개인연금 퇴직연금 주택연금 및 농지연금 수급여부와 월평균 수령액(배우자포함),개인연금 퇴직연금 주택연금 및 농지연금 수급여부와 월평균 수령액(배우자포함),2021,2022-07-13,5·18민주유공자,109,여부및금액별,,
특성별,없다,95.9,B0102,A0404,A,T001,DT_109006_K003,개인연금 퇴직연금 주택연금 및 농지연금 수급여부와 월평균 수령액(배우자포함),개인연금 퇴직연금 주택연금 및 농지연금 수급여부와 월평균 수령액(배우자포함),2024,2025-06-30,5·18민주유공자,109,여부및금액별,,
특성별,개인연금액,31.9,B02,A0404,A,T001,DT_109006_K003,개인연금 퇴직연금 주택연금 및 농지연금 수급여부와 월평균 수령액(배우자포함),개인연금 퇴직연금 주택연금 및 농지연금 수급여부와 월평균 수령액(배우자포함),2018,2019-08-05,5·18민주유공자,109,여부및금액별,10000Won,만원
특성별,개인연금액,112.9,B02,A0404,A,T001,DT_109006_K003,개인연금 퇴직연금 주택연금 및 농지연금 수급여부와 월평균 수령액(배우자포함),개인연금 퇴직연금 주택연금 및 농지연금 수급여부와 월평균 수령액(배우자포함),2021,2022-07-13,5·18민주유공자,109,여부및금액별,10000Won,만원
특성별,개인연금액,108.3,B02,A0404,A,T001,DT_109006_K003,개인연금 퇴직연금 주택연금 및 농지연금 수급여부와 월평균 수령액(배우자포함),개인연금 퇴직연금 주택연금 및 농지연금 수급여부와 월평균 수령액(배우자포함),2024,2025-07-16,5·18민주유공자,109,여부및금액별,10000Won,만원
특성별,퇴직연금액,0,B03,A0404,A,T001,DT_109006_K003,개인연금 퇴직연금 주택연금 및 농지연금 수급여부와 월평균 수령액(배우자포함),개인연금 퇴직연금 주택연금 및 농지연금 수급여부와 월평균 수령액(배우자포함),2018,2019-08-05,5·18민주유공자,109,여부및금액별,10000Won,만원
특성별,퇴직연금액,170,B03,A0404,A,T001,DT_109006_K003,개인연금 퇴직연금 주택연금 및 농지연금 수급여부와 월평균 수령액(배우자포함),개인연금 퇴직연금 주택연금 및 농지연금 수급여부와 월평균 수령액(배우자포함),2021,2022-07-13,5·18민주유공자,109,여부및금액별,10000Won,만원
특성별,퇴직연금액,18,B03,A0404,A,T001,DT_109006_K003,개인연금 퇴직연금 주택연금 및 농지연금 수급여부와 월평균 수령액(배우자포함),개인연금 퇴직연금 주택연금 및 농지연금 수급여부와 월평균 수령액(배우자포함),2024,2025-07-16,5·18민주유공자,109,여부및금액별,10000Won,만원
특성별,금액,38.2,B0401,A0404,A,T001,DT_109006_K003,개인연금 퇴직연금 주택연금 및 농지연금 수급여부와 월평균 수령액(배우자포함),개인연금 퇴직연금 주택연금 및 농지연금 수급여부와 월평균 수령액(배우자포함),2018,2019-08-05,5·18민주유공자,109,여부및금액별,10000Won,만원
특성별,금액,88.6,B0401,A0404,A,T001,DT_109006_K003,개인연금 퇴직연금 주택연금 및 농지연금 수급여부와 월평균 수령액(배우자포함),개인연금 퇴직연금 주택연금 및 농지연금 수급여부와 월평균 수령액(배우자포함),2021,2022-07-13,5·18민주유공자,109,여부및금액별,10000Won,만원
특성별,금액,136.9,B0401,A0404,A,T001,DT_109006_K003,개인연금 퇴직연금 주택연금 및 농지연금 수급여부와 월평균 수령액(배우자포함),개인연금 퇴직연금 주택연금 및 농지연금 수급여부와 월평균 수령액(배우자포함),2024,2025-07-16,5·18민주유공자,109,여부및금액별,10000Won,만원
특성별,받은 연수,0.3,B0402,A0404,A,T001,DT_109006_K003,개인연금 퇴직연금 주택연금 및 농지연금 수급여부와 월평균 수령액(배우자포함),개인연금 퇴직연금 주택연금 및 농지연금 수급여부와 월평균 수령액(배우자포함),2018,2019-08-05,5·18민주유공자,109,여부및금액별,Months,월
특성별,받은 연수,3.1,B0402,A0404,A,T001,DT_109006_K003,개인연금 퇴직연금 주택연금 및 농지연금 수급여부와 월평균 수령액(배우자포함),개인연금 퇴직연금 주택연금 및 농지연금 수급여부와 월평균 수령액(배우자포함),2021,2022-07-13,5·18민주유공자,109,여부및금액별,Months,월
특성별,받은 연수,3.3,B0402,A0404,A,T001,DT_109006_K003,개인연금 퇴직연금 주택연금 및 농지연금 수급여부와 월평균 수령액(배우자포함),개인연금 퇴직연금 주택연금 및 농지연금 수급여부와 월평균 수령액(배우자포함),2024,2025-07-16,5·18민주유공자,109,여부및금액별,Months,월
특성별,있다,2.5,B0101,A0405,A,T001,DT_109006_K003,개인연금 퇴직연금 주택연금 및 농지연금 수급여부와 월평균 수령액(배우자포함),개인연금 퇴직연금 주택연금 및 농지연금 수급여부와 월평균 수령액(배우자포함),2018,2019-08-05,참전유공자,109,여부및금액별,,
특성별,있다,4.4,B0101,A0405,A,T001,DT_109006_K003,개인연금 퇴직연금 주택연금 및 농지연금 수급여부와 월평균 수령액(배우자포함),개인연금 퇴직연금 주택연금 및 농지연금 수급여부와 월평균 수령액(배우자포함),2021,2022-07-13,참전유공자,109,여부및금액별,,
특성별,있다,3.5,B0101,A0405,A,T001,DT_109006_K003,개인연금 퇴직연금 주택연금 및 농지연금 수급여부와 월평균 수령액(배우자포함),개인연금 퇴직연금 주택연금 및 농지연금 수급여부와 월평균 수령액(배우자포함),2024,2025-06-30,참전유공자,109,여부및금액별,,
특성별,없다,97.5,B0102,A0405,A,T001,DT_109006_K003,개인연금 퇴직연금 주택연금 및 농지연금 수급여부와 월평균 수령액(배우자포함),개인연금 퇴직연금 주택연금 및 농지연금 수급여부와 월평균 수령액(배우자포함),2018,2019-08-05,참전유공자,109,여부및금액별,,
특성별,없다,95.6,B0102,A0405,A,T001,DT_109006_K003,개인연금 퇴직연금 주택연금 및 농지연금 수급여부와 월평균 수령액(배우자포함),개인연금 퇴직연금 주택연금 및 농지연금 수급여부와 월평균 수령액(배우자포함),2021,2022-07-13,참전유공자,109,여부및금액별,,
특성별,없다,96.5,B0102,A0405,A,T001,DT_109006_K003,개인연금 퇴직연금 주택연금 및 농지연금 수급여부와 월평균 수령액(배우자포함),개인연금 퇴직연금 주택연금 및 농지연금 수급여부와 월평균 수령액(배우자포함),2024,2025-07-17,참전유공자,109,여부및금액별,,
특성별,개인연금액,35.7,B02,A0405,A,T001,DT_109006_K003,개인연금 퇴직연금 주택연금 및 농지연금 수급여부와 월평균 수령액(배우자포함),개인연금 퇴직연금 주택연금 및 농지연금 수급여부와 월평균 수령액(배우자포함),2018,2019-08-05,참전유공자,109,여부및금액별,10000Won,만원
특성별,개인연금액,57.5,B02,A0405,A,T001,DT_109006_K003,개인연금 퇴직연금 주택연금 및 농지연금 수급여부와 월평균 수령액(배우자포함),개인연금 퇴직연금 주택연금 및 농지연금 수급여부와 월평균 수령액(배우자포함),2021,2022-07-13,참전유공자,109,여부및금액별,10000Won,만원
특성별,개인연금액,71.6,B02,A0405,A,T001,DT_109006_K003,개인연금 퇴직연금 주택연금 및 농지연금 수급여부와 월평균 수령액(배우자포함),개인연금 퇴직연금 주택연금 및 농지연금 수급여부와 월평균 수령액(배우자포함),2024,2025-07-16,참전유공자,109,여부및금액별,10000Won,만원
특성별,퇴직연금액,14.8,B03,A0405,A,T001,DT_109006_K003,개인연금 퇴직연금 주택연금 및 농지연금 수급여부와 월평균 수령액(배우자포함),개인연금 퇴직연금 주택연금 및 농지연금 수급여부와 월평균 수령액(배우자포함),2018,2019-08-05,참전유공자,109,여부및금액별,10000Won,만원
특성별,퇴직연금액,71.6,B03,A0405,A,T001,DT_109006_K003,개인연금 퇴직연금 주택연금 및 농지연금 수급여부와 월평균 수령액(배우자포함),개인연금 퇴직연금 주택연금 및 농지연금 수급여부와 월평균 수령액(배우자포함),2021,2022-07-13,참전유공자,109,여부및금액별,10000Won,만원
특성별,퇴직연금액,85.6,B03,A0405,A,T001,DT_109006_K003,개인연금 퇴직연금 주택연금 및 농지연금 수급여부와 월평균 수령액(배우자포함),개인연금 퇴직연금 주택연금 및 농지연금 수급여부와 월평균 수령액(배우자포함),2024,2025-07-16,참전유공자,109,여부및금액별,10000Won,만원
특성별,금액,19,B0401,A0405,A,T001,DT_109006_K003,개인연금 퇴직연금 주택연금 및 농지연금 수급여부와 월평균 수령액(배우자포함),개인연금 퇴직연금 주택연금 및 농지연금 수급여부와 월평균 수령액(배우자포함),2018,2019-08-05,참전유공자,109,여부및금액별,10000Won,만원
특성별,금액,121.4,B0401,A0405,A,T001,DT_109006_K003,개인연금 퇴직연금 주택연금 및 농지연금 수급여부와 월평균 수령액(배우자포함),개인연금 퇴직연금 주택연금 및 농지연금 수급여부와 월평균 수령액(배우자포함),2021,2022-07-13,참전유공자,109,여부및금액별,10000Won,만원
특성별,금액,107.7,B0401,A0405,A,T001,DT_109006_K003,개인연금 퇴직연금 주택연금 및 농지연금 수급여부와 월평균 수령액(배우자포함),개인연금 퇴직연금 주택연금 및 농지연금 수급여부와 월평균 수령액(배우자포함),2024,2025-07-16,참전유공자,109,여부및금액별,10000Won,만원
특성별,받은 연수,1.8,B0402,A0405,A,T001,DT_109006_K003,개인연금 퇴직연금 주택연금 및 농지연금 수급여부와 월평균 수령액(배우자포함),개인연금 퇴직연금 주택연금 및 농지연금 수급여부와 월평균 수령액(배우자포함),2018,2019-08-05,참전유공자,109,여부및금액별,Months,월
특성별,받은 연수,5.6,B0402,A0405,A,T001,DT_109006_K003,개인연금 퇴직연금 주택연금 및 농지연금 수급여부와 월평균 수령액(배우자포함),개인연금 퇴직연금 주택연금 및 농지연금 수급여부와 월평균 수령액(배우자포함),2021,2022-07-13,참전유공자,109,여부및금액별,Months,월
특성별,받은 연수,12.2,B0402,A0405,A,T001,DT_109006_K003,개인연금 퇴직연금 주택연금 및 농지연금 수급여부와 월평균 수령액(배우자포함),개인연금 퇴직연금 주택연금 및 농지연금 수급여부와 월평균 수령액(배우자포함),2024,2025-07-16,참전유공자,109,여부및금액별,Months,월
특성별,있다,1.1,B0101,A0406,A,T001,DT_109006_K003,개인연금 퇴직연금 주택연금 및 농지연금 수급여부와 월평균 수령액(배우자포함),개인연금 퇴직연금 주택연금 및 농지연금 수급여부와 월평균 수령액(배우자포함),2018,2019-08-05,고엽제,109,여부및금액별,,
특성별,있다,3.5,B0101,A0406,A,T001,DT_109006_K003,개인연금 퇴직연금 주택연금 및 농지연금 수급여부와 월평균 수령액(배우자포함),개인연금 퇴직연금 주택연금 및 농지연금 수급여부와 월평균 수령액(배우자포함),2021,2022-07-13,고엽제,109,여부및금액별,,
특성별,있다,3.9,B0101,A0406,A,T001,DT_109006_K003,개인연금 퇴직연금 주택연금 및 농지연금 수급여부와 월평균 수령액(배우자포함),개인연금 퇴직연금 주택연금 및 농지연금 수급여부와 월평균 수령액(배우자포함),2024,2025-06-30,고엽제,109,여부및금액별,,
특성별,없다,98.9,B0102,A0406,A,T001,DT_109006_K003,개인연금 퇴직연금 주택연금 및 농지연금 수급여부와 월평균 수령액(배우자포함),개인연금 퇴직연금 주택연금 및 농지연금 수급여부와 월평균 수령액(배우자포함),2018,2019-08-05,고엽제,109,여부및금액별,,
특성별,없다,96.5,B0102,A0406,A,T001,DT_109006_K003,개인연금 퇴직연금 주택연금 및 농지연금 수급여부와 월평균 수령액(배우자포함),개인연금 퇴직연금 주택연금 및 농지연금 수급여부와 월평균 수령액(배우자포함),2021,2022-07-13,고엽제,109,여부및금액별,,
특성별,없다,96.1,B0102,A0406,A,T001,DT_109006_K003,개인연금 퇴직연금 주택연금 및 농지연금 수급여부와 월평균 수령액(배우자포함),개인연금 퇴직연금 주택연금 및 농지연금 수급여부와 월평균 수령액(배우자포함),2024,2025-06-30,고엽제,109,여부및금액별,,
특성별,개인연금액,17,B02,A0406,A,T001,DT_109006_K003,개인연금 퇴직연금 주택연금 및 농지연금 수급여부와 월평균 수령액(배우자포함),개인연금 퇴직연금 주택연금 및 농지연금 수급여부와 월평균 수령액(배우자포함),2018,2019-08-05,고엽제,109,여부및금액별,10000Won,만원
특성별,개인연금액,43.7,B02,A0406,A,T001,DT_109006_K003,개인연금 퇴직연금 주택연금 및 농지연금 수급여부와 월평균 수령액(배우자포함),개인연금 퇴직연금 주택연금 및 농지연금 수급여부와 월평균 수령액(배우자포함),2021,2022-07-13,고엽제,109,여부및금액별,10000Won,만원
특성별,개인연금액,82.8,B02,A0406,A,T001,DT_109006_K003,개인연금 퇴직연금 주택연금 및 농지연금 수급여부와 월평균 수령액(배우자포함),개인연금 퇴직연금 주택연금 및 농지연금 수급여부와 월평균 수령액(배우자포함),2024,2025-07-16,고엽제,109,여부및금액별,10000Won,만원
특성별,퇴직연금액,76.7,B03,A0406,A,T001,DT_109006_K003,개인연금 퇴직연금 주택연금 및 농지연금 수급여부와 월평균 수령액(배우자포함),개인연금 퇴직연금 주택연금 및 농지연금 수급여부와 월평균 수령액(배우자포함),2018,2019-08-05,고엽제,109,여부및금액별,10000Won,만원
특성별,퇴직연금액,88.4,B03,A0406,A,T001,DT_109006_K003,개인연금 퇴직연금 주택연금 및 농지연금 수급여부와 월평균 수령액(배우자포함),개인연금 퇴직연금 주택연금 및 농지연금 수급여부와 월평균 수령액(배우자포함),2021,2022-07-13,고엽제,109,여부및금액별,10000Won,만원
특성별,퇴직연금액,135.8,B03,A0406,A,T001,DT_109006_K003,개인연금 퇴직연금 주택연금 및 농지연금 수급여부와 월평균 수령액(배우자포함),개인연금 퇴직연금 주택연금 및 농지연금 수급여부와 월평균 수령액(배우자포함),2024,2025-07-16,고엽제,109,여부및금액별,10000Won,만원
특성별,금액,0,B0401,A0406,A,T001,DT_109006_K003,개인연금 퇴직연금 주택연금 및 농지연금 수급여부와 월평균 수령액(배우자포함),개인연금 퇴직연금 주택연금 및 농지연금 수급여부와 월평균 수령액(배우자포함),2018,2019-08-05,고엽제,109,여부및금액별,10000Won,만원
특성별,금액,100.1,B0401,A0406,A,T001,DT_109006_K003,개인연금 퇴직연금 주택연금 및 농지연금 수급여부와 월평균 수령액(배우자포함),개인연금 퇴직연금 주택연금 및 농지연금 수급여부와 월평균 수령액(배우자포함),2021,2022-07-13,고엽제,109,여부및금액별,10000Won,만원
특성별,금액,163.4,B0401,A0406,A,T001,DT_109006_K003,개인연금 퇴직연금 주택연금 및 농지연금 수급여부와 월평균 수령액(배우자포함),개인연금 퇴직연금 주택연금 및 농지연금 수급여부와 월평균 수령액(배우자포함),2024,2025-07-16,고엽제,109,여부및금액별,10000Won,만원
특성별,받은 연수,0,B0402,A0406,A,T001,DT_109006_K003,개인연금 퇴직연금 주택연금 및 농지연금 수급여부와 월평균 수령액(배우자포함),개인연금 퇴직연금 주택연금 및 농지연금 수급여부와 월평균 수령액(배우자포함),2018,2019-08-05,고엽제,109,여부및금액별,Months,월
특성별,받은 연수,4.9,B0402,A0406,A,T001,DT_109006_K003,개인연금 퇴직연금 주택연금 및 농지연금 수급여부와 월평균 수령액(배우자포함),개인연금 퇴직연금 주택연금 및 농지연금 수급여부와 월평균 수령액(배우자포함),2021,2022-07-13,고엽제,109,여부및금액별,Months,월
특성별,받은 연수,7.2,B0402,A0406,A,T001,DT_109006_K003,개인연금 퇴직연금 주택연금 및 농지연금 수급여부와 월평균 수령액(배우자포함),개인연금 퇴직연금 주택연금 및 농지연금 수급여부와 월평균 수령액(배우자포함),2024,2025-07-16,고엽제,109,여부및금액별,Months,월
특성별,있다,1.2,B0101,A0407,A,T001,DT_109006_K003,개인연금 퇴직연금 주택연금 및 농지연금 수급여부와 월평균 수령액(배우자포함),개인연금 퇴직연금 주택연금 및 농지연금 수급여부와 월평균 수령액(배우자포함),2018,2019-08-05,특수임무유공자,109,여부및금액별,,
특성별,있다,1.9,B0101,A0407,A,T001,DT_109006_K003,개인연금 퇴직연금 주택연금 및 농지연금 수급여부와 월평균 수령액(배우자포함),개인연금 퇴직연금 주택연금 및 농지연금 수급여부와 월평균 수령액(배우자포함),2021,2022-07-13,특수임무유공자,109,여부및금액별,,
특성별,있다,1.7,B0101,A0407,A,T001,DT_109006_K003,개인연금 퇴직연금 주택연금 및 농지연금 수급여부와 월평균 수령액(배우자포함),개인연금 퇴직연금 주택연금 및 농지연금 수급여부와 월평균 수령액(배우자포함),2024,2025-06-30,특수임무유공자,109,여부및금액별,,
특성별,없다,98.8,B0102,A0407,A,T001,DT_109006_K003,개인연금 퇴직연금 주택연금 및 농지연금 수급여부와 월평균 수령액(배우자포함),개인연금 퇴직연금 주택연금 및 농지연금 수급여부와 월평균 수령액(배우자포함),2018,2019-08-05,특수임무유공자,109,여부및금액별,,
특성별,없다,98.1,B0102,A0407,A,T001,DT_109006_K003,개인연금 퇴직연금 주택연금 및 농지연금 수급여부와 월평균 수령액(배우자포함),개인연금 퇴직연금 주택연금 및 농지연금 수급여부와 월평균 수령액(배우자포함),2021,2022-07-13,특수임무유공자,109,여부및금액별,,
특성별,없다,98.3,B0102,A0407,A,T001,DT_109006_K003,개인연금 퇴직연금 주택연금 및 농지연금 수급여부와 월평균 수령액(배우자포함),개인연금 퇴직연금 주택연금 및 농지연금 수급여부와 월평균 수령액(배우자포함),2024,2025-07-17,특수임무유공자,109,여부및금액별,,
특성별,개인연금액,43.1,B02,A0407,A,T001,DT_109006_K003,개인연금 퇴직연금 주택연금 및 농지연금 수급여부와 월평균 수령액(배우자포함),개인연금 퇴직연금 주택연금 및 농지연금 수급여부와 월평균 수령액(배우자포함),2018,2019-08-05,특수임무유공자,109,여부및금액별,10000Won,만원
특성별,개인연금액,65.8,B02,A0407,A,T001,DT_109006_K003,개인연금 퇴직연금 주택연금 및 농지연금 수급여부와 월평균 수령액(배우자포함),개인연금 퇴직연금 주택연금 및 농지연금 수급여부와 월평균 수령액(배우자포함),2021,2022-07-13,특수임무유공자,109,여부및금액별,10000Won,만원
특성별,개인연금액,129.7,B02,A0407,A,T001,DT_109006_K003,개인연금 퇴직연금 주택연금 및 농지연금 수급여부와 월평균 수령액(배우자포함),개인연금 퇴직연금 주택연금 및 농지연금 수급여부와 월평균 수령액(배우자포함),2024,2025-07-16,특수임무유공자,109,여부및금액별,10000Won,만원
특성별,퇴직연금액,0,B03,A0407,A,T001,DT_109006_K003,개인연금 퇴직연금 주택연금 및 농지연금 수급여부와 월평균 수령액(배우자포함),개인연금 퇴직연금 주택연금 및 농지연금 수급여부와 월평균 수령액(배우자포함),2018,2019-08-05,특수임무유공자,109,여부및금액별,10000Won,만원
특성별,퇴직연금액,50,B03,A0407,A,T001,DT_109006_K003,개인연금 퇴직연금 주택연금 및 농지연금 수급여부와 월평균 수령액(배우자포함),개인연금 퇴직연금 주택연금 및 농지연금 수급여부와 월평균 수령액(배우자포함),2021,2022-07-13,특수임무유공자,109,여부및금액별,10000Won,만원
특성별,퇴직연금액,82.6,B03,A0407,A,T001,DT_109006_K003,개인연금 퇴직연금 주택연금 및 농지연금 수급여부와 월평균 수령액(배우자포함),개인연금 퇴직연금 주택연금 및 농지연금 수급여부와 월평균 수령액(배우자포함),2024,2025-07-16,특수임무유공자,109,여부및금액별,10000Won,만원
특성별,금액,0,B0401,A0407,A,T001,DT_109006_K003,개인연금 퇴직연금 주택연금 및 농지연금 수급여부와 월평균 수령액(배우자포함),개인연금 퇴직연금 주택연금 및 농지연금 수급여부와 월평균 수령액(배우자포함),2018,2019-08-05,특수임무유공자,109,여부및금액별,10000Won,만원
특성별,금액,0,B0401,A0407,A,T001,DT_109006_K003,개인연금 퇴직연금 주택연금 및 농지연금 수급여부와 월평균 수령액(배우자포함),개인연금 퇴직연금 주택연금 및 농지연금 수급여부와 월평균 수령액(배우자포함),2021,2022-07-13,특수임무유공자,109,여부및금액별,10000Won,만원
특성별,금액,240,B0401,A0407,A,T001,DT_109006_K003,개인연금 퇴직연금 주택연금 및 농지연금 수급여부와 월평균 수령액(배우자포함),개인연금 퇴직연금 주택연금 및 농지연금 수급여부와 월평균 수령액(배우자포함),2024,2025-07-16,특수임무유공자,109,여부및금액별,10000Won,만원
특성별,받은 연수,0,B0402,A0407,A,T001,DT_109006_K003,개인연금 퇴직연금 주택연금 및 농지연금 수급여부와 월평균 수령액(배우자포함),개인연금 퇴직연금 주택연금 및 농지연금 수급여부와 월평균 수령액(배우자포함),2018,2019-08-05,특수임무유공자,109,여부및금액별,Months,월
특성별,받은 연수,0,B0402,A0407,A,T001,DT_109006_K003,개인연금 퇴직연금 주택연금 및 농지연금 수급여부와 월평균 수령액(배우자포함),개인연금 퇴직연금 주택연금 및 농지연금 수급여부와 월평균 수령액(배우자포함),2021,2022-07-13,특수임무유공자,109,여부및금액별,Months,월
특성별,받은 연수,1,B0402,A0407,A,T001,DT_109006_K003,개인연금 퇴직연금 주택연금 및 농지연금 수급여부와 월평균 수령액(배우자포함),개인연금 퇴직연금 주택연금 및 농지연금 수급여부와 월평균 수령액(배우자포함),2024,2025-07-16,특수임무유공자,109,여부및금액별,Months,월
특성별,있다,1.7,B0101,A0408,A,T001,DT_109006_K003,개인연금 퇴직연금 주택연금 및 농지연금 수급여부와 월평균 수령액(배우자포함),개인연금 퇴직연금 주택연금 및 농지연금 수급여부와 월평균 수령액(배우자포함),2018,2019-08-05,제대군인,109,여부및금액별,,
특성별,있다,3.1,B0101,A0408,A,T001,DT_109006_K003,개인연금 퇴직연금 주택연금 및 농지연금 수급여부와 월평균 수령액(배우자포함),개인연금 퇴직연금 주택연금 및 농지연금 수급여부와 월평균 수령액(배우자포함),2021,2022-07-13,제대군인,109,여부및금액별,,
특성별,있다,3.3,B0101,A0408,A,T001,DT_109006_K003,개인연금 퇴직연금 주택연금 및 농지연금 수급여부와 월평균 수령액(배우자포함),개인연금 퇴직연금 주택연금 및 농지연금 수급여부와 월평균 수령액(배우자포함),2024,2025-06-30,제대군인,109,여부및금액별,,
특성별,없다,98.3,B0102,A0408,A,T001,DT_109006_K003,개인연금 퇴직연금 주택연금 및 농지연금 수급여부와 월평균 수령액(배우자포함),개인연금 퇴직연금 주택연금 및 농지연금 수급여부와 월평균 수령액(배우자포함),2018,2019-08-05,제대군인,109,여부및금액별,,
특성별,없다,96.9,B0102,A0408,A,T001,DT_109006_K003,개인연금 퇴직연금 주택연금 및 농지연금 수급여부와 월평균 수령액(배우자포함),개인연금 퇴직연금 주택연금 및 농지연금 수급여부와 월평균 수령액(배우자포함),2021,2022-07-13,제대군인,109,여부및금액별,,
특성별,없다,96.7,B0102,A0408,A,T001,DT_109006_K003,개인연금 퇴직연금 주택연금 및 농지연금 수급여부와 월평균 수령액(배우자포함),개인연금 퇴직연금 주택연금 및 농지연금 수급여부와 월평균 수령액(배우자포함),2024,2025-06-30,제대군인,109,여부및금액별,,
특성별,개인연금액,50.1,B02,A0408,A,T001,DT_109006_K003,개인연금 퇴직연금 주택연금 및 농지연금 수급여부와 월평균 수령액(배우자포함),개인연금 퇴직연금 주택연금 및 농지연금 수급여부와 월평균 수령액(배우자포함),2018,2019-08-05,제대군인,109,여부및금액별,10000Won,만원
특성별,개인연금액,91.7,B02,A0408,A,T001,DT_109006_K003,개인연금 퇴직연금 주택연금 및 농지연금 수급여부와 월평균 수령액(배우자포함),개인연금 퇴직연금 주택연금 및 농지연금 수급여부와 월평균 수령액(배우자포함),2021,2022-07-13,제대군인,109,여부및금액별,10000Won,만원
특성별,개인연금액,133.3,B02,A0408,A,T001,DT_109006_K003,개인연금 퇴직연금 주택연금 및 농지연금 수급여부와 월평균 수령액(배우자포함),개인연금 퇴직연금 주택연금 및 농지연금 수급여부와 월평균 수령액(배우자포함),2024,2025-07-16,제대군인,109,여부및금액별,10000Won,만원
특성별,퇴직연금액,2.2,B03,A0408,A,T001,DT_109006_K003,개인연금 퇴직연금 주택연금 및 농지연금 수급여부와 월평균 수령액(배우자포함),개인연금 퇴직연금 주택연금 및 농지연금 수급여부와 월평균 수령액(배우자포함),2018,2019-08-05,제대군인,109,여부및금액별,10000Won,만원
특성별,퇴직연금액,43.4,B03,A0408,A,T001,DT_109006_K003,개인연금 퇴직연금 주택연금 및 농지연금 수급여부와 월평균 수령액(배우자포함),개인연금 퇴직연금 주택연금 및 농지연금 수급여부와 월평균 수령액(배우자포함),2021,2022-07-13,제대군인,109,여부및금액별,10000Won,만원
특성별,퇴직연금액,81.4,B03,A0408,A,T001,DT_109006_K003,개인연금 퇴직연금 주택연금 및 농지연금 수급여부와 월평균 수령액(배우자포함),개인연금 퇴직연금 주택연금 및 농지연금 수급여부와 월평균 수령액(배우자포함),2024,2025-07-16,제대군인,109,여부및금액별,10000Won,만원
특성별,금액,3.3,B0401,A0408,A,T001,DT_109006_K003,개인연금 퇴직연금 주택연금 및 농지연금 수급여부와 월평균 수령액(배우자포함),개인연금 퇴직연금 주택연금 및 농지연금 수급여부와 월평균 수령액(배우자포함),2018,2019-08-05,제대군인,109,여부및금액별,10000Won,만원
특성별,금액,0,B0401,A0408,A,T001,DT_109006_K003,개인연금 퇴직연금 주택연금 및 농지연금 수급여부와 월평균 수령액(배우자포함),개인연금 퇴직연금 주택연금 및 농지연금 수급여부와 월평균 수령액(배우자포함),2021,2022-07-13,제대군인,109,여부및금액별,10000Won,만원
특성별,금액,97.4,B0401,A0408,A,T001,DT_109006_K003,개인연금 퇴직연금 주택연금 및 농지연금 수급여부와 월평균 수령액(배우자포함),개인연금 퇴직연금 주택연금 및 농지연금 수급여부와 월평균 수령액(배우자포함),2024,2025-07-16,제대군인,109,여부및금액별,10000Won,만원
특성별,받은 연수,0.1,B0402,A0408,A,T001,DT_109006_K003,개인연금 퇴직연금 주택연금 및 농지연금 수급여부와 월평균 수령액(배우자포함),개인연금 퇴직연금 주택연금 및 농지연금 수급여부와 월평균 수령액(배우자포함),2018,2019-08-05,제대군인,109,여부및금액별,Months,월
특성별,받은 연수,0,B0402,A0408,A,T001,DT_109006_K003,개인연금 퇴직연금 주택연금 및 농지연금 수급여부와 월평균 수령액(배우자포함),개인연금 퇴직연금 주택연금 및 농지연금 수급여부와 월평균 수령액(배우자포함),2021,2022-07-13,제대군인,109,여부및금액별,Months,월
특성별,받은 연수,9.7,B0402,A0408,A,T001,DT_109006_K003,개인연금 퇴직연금 주택연금 및 농지연금 수급여부와 월평균 수령액(배우자포함),개인연금 퇴직연금 주택연금 및 농지연금 수급여부와 월평균 수령액(배우자포함),2024,2025-07-16,제대군인,109,여부및금액별,Months,월
특성별,있다,1.2,B0101,A0409,A,T001,DT_109006_K003,개인연금 퇴직연금 주택연금 및 농지연금 수급여부와 월평균 수령액(배우자포함),개인연금 퇴직연금 주택연금 및 농지연금 수급여부와 월평균 수령액(배우자포함),2018,2019-08-05,보훈보상대상자,109,여부및금액별,,
특성별,있다,2.4,B0101,A0409,A,T001,DT_109006_K003,개인연금 퇴직연금 주택연금 및 농지연금 수급여부와 월평균 수령액(배우자포함),개인연금 퇴직연금 주택연금 및 농지연금 수급여부와 월평균 수령액(배우자포함),2021,2022-07-13,보훈보상대상자,109,여부및금액별,,
특성별,있다,2.3,B0101,A0409,A,T001,DT_109006_K003,개인연금 퇴직연금 주택연금 및 농지연금 수급여부와 월평균 수령액(배우자포함),개인연금 퇴직연금 주택연금 및 농지연금 수급여부와 월평균 수령액(배우자포함),2024,2025-06-30,보훈보상대상자,109,여부및금액별,,
특성별,없다,98.8,B0102,A0409,A,T001,DT_109006_K003,개인연금 퇴직연금 주택연금 및 농지연금 수급여부와 월평균 수령액(배우자포함),개인연금 퇴직연금 주택연금 및 농지연금 수급여부와 월평균 수령액(배우자포함),2018,2019-08-05,보훈보상대상자,109,여부및금액별,,
특성별,없다,97.6,B0102,A0409,A,T001,DT_109006_K003,개인연금 퇴직연금 주택연금 및 농지연금 수급여부와 월평균 수령액(배우자포함),개인연금 퇴직연금 주택연금 및 농지연금 수급여부와 월평균 수령액(배우자포함),2021,2022-07-13,보훈보상대상자,109,여부및금액별,,
특성별,없다,97.7,B0102,A0409,A,T001,DT_109006_K003,개인연금 퇴직연금 주택연금 및 농지연금 수급여부와 월평균 수령액(배우자포함),개인연금 퇴직연금 주택연금 및 농지연금 수급여부와 월평균 수령액(배우자포함),2024,2025-06-30,보훈보상대상자,109,여부및금액별,,
특성별,개인연금액,20.2,B02,A0409,A,T001,DT_109006_K003,개인연금 퇴직연금 주택연금 및 농지연금 수급여부와 월평균 수령액(배우자포함),개인연금 퇴직연금 주택연금 및 농지연금 수급여부와 월평균 수령액(배우자포함),2018,2019-08-05,보훈보상대상자,109,여부및금액별,10000Won,만원
특성별,개인연금액,36.7,B02,A0409,A,T001,DT_109006_K003,개인연금 퇴직연금 주택연금 및 농지연금 수급여부와 월평균 수령액(배우자포함),개인연금 퇴직연금 주택연금 및 농지연금 수급여부와 월평균 수령액(배우자포함),2021,2022-07-13,보훈보상대상자,109,여부및금액별,10000Won,만원
특성별,개인연금액,40.9,B02,A0409,A,T001,DT_109006_K003,개인연금 퇴직연금 주택연금 및 농지연금 수급여부와 월평균 수령액(배우자포함),개인연금 퇴직연금 주택연금 및 농지연금 수급여부와 월평균 수령액(배우자포함),2024,2025-07-16,보훈보상대상자,109,여부및금액별,10000Won,만원
특성별,퇴직연금액,0,B03,A0409,A,T001,DT_109006_K003,개인연금 퇴직연금 주택연금 및 농지연금 수급여부와 월평균 수령액(배우자포함),개인연금 퇴직연금 주택연금 및 농지연금 수급여부와 월평균 수령액(배우자포함),2018,2019-08-05,보훈보상대상자,109,여부및금액별,10000Won,만원
특성별,퇴직연금액,0,B03,A0409,A,T001,DT_109006_K003,개인연금 퇴직연금 주택연금 및 농지연금 수급여부와 월평균 수령액(배우자포함),개인연금 퇴직연금 주택연금 및 농지연금 수급여부와 월평균 수령액(배우자포함),2021,2022-07-13,보훈보상대상자,109,여부및금액별,10000Won,만원
특성별,퇴직연금액,67.4,B03,A0409,A,T001,DT_109006_K003,개인연금 퇴직연금 주택연금 및 농지연금 수급여부와 월평균 수령액(배우자포함),개인연금 퇴직연금 주택연금 및 농지연금 수급여부와 월평균 수령액(배우자포함),2024,2025-07-16,보훈보상대상자,109,여부및금액별,10000Won,만원
특성별,금액,40.4,B0401,A0409,A,T001,DT_109006_K003,개인연금 퇴직연금 주택연금 및 농지연금 수급여부와 월평균 수령액(배우자포함),개인연금 퇴직연금 주택연금 및 농지연금 수급여부와 월평균 수령액(배우자포함),2018,2019-08-05,보훈보상대상자,109,여부및금액별,10000Won,만원
특성별,금액,0,B0401,A0409,A,T001,DT_109006_K003,개인연금 퇴직연금 주택연금 및 농지연금 수급여부와 월평균 수령액(배우자포함),개인연금 퇴직연금 주택연금 및 농지연금 수급여부와 월평균 수령액(배우자포함),2021,2022-07-13,보훈보상대상자,109,여부및금액별,10000Won,만원
특성별,금액,0,B0401,A0409,A,T001,DT_109006_K003,개인연금 퇴직연금 주택연금 및 농지연금 수급여부와 월평균 수령액(배우자포함),개인연금 퇴직연금 주택연금 및 농지연금 수급여부와 월평균 수령액(배우자포함),2024,2025-06-30,보훈보상대상자,109,여부및금액별,10000Won,만원
특성별,받은 연수,0.3,B0402,A0409,A,T001,DT_109006_K003,개인연금 퇴직연금 주택연금 및 농지연금 수급여부와 월평균 수령액(배우자포함),개인연금 퇴직연금 주택연금 및 농지연금 수급여부와 월평균 수령액(배우자포함),2018,2019-08-05,보훈보상대상자,109,여부및금액별,Months,월
특성별,받은 연수,0,B0402,A0409,A,T001,DT_109006_K003,개인연금 퇴직연금 주택연금 및 농지연금 수급여부와 월평균 수령액(배우자포함),개인연금 퇴직연금 주택연금 및 농지연금 수급여부와 월평균 수령액(배우자포함),2021,2022-07-13,보훈보상대상자,109,여부및금액별,Months,월
특성별,받은 연수,0,B0402,A0409,A,T001,DT_109006_K003,개인연금 퇴직연금 주택연금 및 농지연금 수급여부와 월평균 수령액(배우자포함),개인연금 퇴직연금 주택연금 및 농지연금 수급여부와 월평균 수령액(배우자포함),2024,2025-06-30,보훈보상대상자,109,여부및금액별,Months,월
