,C1_OBJ_NM,C2_NM,DT,C2,C1,C1_NM,UNIT_NM,ITM_ID,ITM_NM,C2_OBJ_NM,TBL_NM
0,특성별,현행 지원 범위의 미흡,40.7,B01,A01,전체,%,T001,보훈대상자 지원정책에 불만족 하는 이유,이유별,보훈대상자 지원정책에 불만족 하는 이유
1,특성별,현행 지원 범위의 미흡,45.5,B01,A01,전체,%,T001,보훈대상자 지원정책에 불만족 하는 이유,이유별,보훈대상자 지원정책에 불만족 하는 이유
2,특성별,현행 지원 범위의 미흡,59.7,B01,A01,전체,%,T001,보훈대상자 지원정책에 불만족 하는 이유,이유별,보훈대상자 지원정책에 불만족 하는 이유
3,특성별,국가보훈부의 정책적 기능의 한계,9,B02,A01,전체,%,T001,보훈대상자 지원정책에 불만족 하는 이유,이유별,보훈대상자 지원정책에 불만족 하는 이유
4,특성별,국가보훈부의 정책적 기능의 한계,8.1,B02,A01,전체,%,T001,보훈대상자 지원정책에 불만족 하는 이유,이유별,보훈대상자 지원정책에 불만족 하는 이유
5,특성별,국가보훈부의 정책적 기능의 한계,8.6,B02,A01,전체,%,T001,보훈대상자 지원정책에 불만족 하는 이유,이유별,보훈대상자 지원정책에 불만족 하는 이유
6,특성별,각종 교육 홍보 상담 여건 미비,4.8,B03,A01,전체,%,T001,보훈대상자 지원정책에 불만족 하는 이유,이유별,보훈대상자 지원정책에 불만족 하는 이유
7,특성별,각종 교육 홍보 상담 여건 미비,5.7,B03,A01,전체,%,T001,보훈대상자 지원정책에 불만족 하는 이유,이유별,보훈대상자 지원정책에 불만족 하는 이유
8,특성별,각종 교육 홍보 상담 여건 미비,3.1,B03,A01,전체,%,T001,보훈대상자 지원정책에 불만족 하는 이유,이유별,보훈대상자 지원정책에 불만족 하는 이유
9,특성별,현행 지원수준의 미흡,45.4,B04,A01,전체,%,T001,보훈대상자 지원정책에 불만족 하는 이유,이유별,보훈대상자 지원정책에 불만족 하는 이유
10,특성별,현행 지원수준의 미흡,40.2,B04,A01,전체,%,T001,보훈대상자 지원정책에 불만족 하는 이유,이유별,보훈대상자 지원정책에 불만족 하는 이유
11,특성별,현행 지원수준의 미흡,28.5,B04,A01,전체,%,T001,보훈대상자 지원정책에 불만족 하는 이유,이유별,보훈대상자 지원정책에 불만족 하는 이유
12,특성별,기타,0.1,B05,A01,전체,%,T001,보훈대상자 지원정책에 불만족 하는 이유,이유별,보훈대상자 지원정책에 불만족 하는 이유
13,특성별,기타,0.4,B05,A01,전체,%,T001,보훈대상자 지원정책에 불만족 하는 이유,이유별,보훈대상자 지원정책에 불만족 하는 이유
14,특성별,기타,0.2,B05,A01,전체,%,T001,보훈대상자 지원정책에 불만족 하는 이유,이유별,보훈대상자 지원정책에 불만족 하는 이유
15,특성별,현행 지원 범위의 미흡,39.9,B01,A0201,남성,%,T001,보훈대상자 지원정책에 불만족 하는 이유,이유별,보훈대상자 지원정책에 불만족 하는 이유
16,특성별,현행 지원 범위의 미흡,44.5,B01,A0201,남성,%,T001,보훈대상자 지원정책에 불만족 하는 이유,이유별,보훈대상자 지원정책에 불만족 하는 이유
17,특성별,현행 지원 범위의 미흡,57.8,B01,A0201,남성,%,T001,보훈대상자 지원정책에 불만족 하는 이유,이유별,보훈대상자 지원정책에 불만족 하는 이유
18,특성별,국가보훈부의 정책적 기능의 한계,9.7,B02,A0201,남성,%,T001,보훈대상자 지원정책에 불만족 하는 이유,이유별,보훈대상자 지원정책에 불만족 하는 이유
19,특성별,국가보훈부의 정책적 기능의 한계,8.7,B02,A0201,남성,%,T001,보훈대상자 지원정책에 불만족 하는 이유,이유별,보훈대상자 지원정책에 불만족 하는 이유
20,특성별,국가보훈부의 정책적 기능의 한계,9.1,B02,A0201,남성,%,T001,보훈대상자 지원정책에 불만족 하는 이유,이유별,보훈대상자 지원정책에 불만족 하는 이유
21,특성별,각종 교육 홍보 상담 여건 미비,4.7,B03,A0201,남성,%,T001,보훈대상자 지원정책에 불만족 하는 이유,이유별,보훈대상자 지원정책에 불만족 하는 이유
22,특성별,각종 교육 홍보 상담 여건 미비,5.5,B03,A0201,남성,%,T001,보훈대상자 지원정책에 불만족 하는 이유,이유별,보훈대상자 지원정책에 불만족 하는 이유
23,특성별,각종 교육 홍보 상담 여건 미비,3.3,B03,A0201,남성,%,T001,보훈대상자 지원정책에 불만족 하는 이유,이유별,보훈대상자 지원정책에 불만족 하는 이유
24,특성별,현행 지원수준의 미흡,45.6,B04,A0201,남성,%,T001,보훈대상자 지원정책에 불만족 하는 이유,이유별,보훈대상자 지원정책에 불만족 하는 이유
25,특성별,현행 지원수준의 미흡,40.9,B04,A0201,남성,%,T001,보훈대상자 지원정책에 불만족 하는 이유,이유별,보훈대상자 지원정책에 불만족 하는 이유
26,특성별,현행 지원수준의 미흡,29.4,B04,A0201,남성,%,T001,보훈대상자 지원정책에 불만족 하는 이유,이유별,보훈대상자 지원정책에 불만족 하는 이유
27,특성별,기타,0.1,B05,A0201,남성,%,T001,보훈대상자 지원정책에 불만족 하는 이유,이유별,보훈대상자 지원정책에 불만족 하는 이유
28,특성별,기타,0.4,B05,A0201,남성,%,T001,보훈대상자 지원정책에 불만족 하는 이유,이유별,보훈대상자 지원정책에 불만족 하는 이유
29,특성별,기타,0.2,B05,A0201,남성,%,T001,보훈대상자 지원정책에 불만족 하는 이유,이유별,보훈대상자 지원정책에 불만족 하는 이유
30,특성별,현행 지원 범위의 미흡,44.3,B01,A0202,여성,%,T001,보훈대상자 지원정책에 불만족 하는 이유,이유별,보훈대상자 지원정책에 불만족 하는 이유
31,특성별,현행 지원 범위의 미흡,49.7,B01,A0202,여성,%,T001,보훈대상자 지원정책에 불만족 하는 이유,이유별,보훈대상자 지원정책에 불만족 하는 이유
32,특성별,현행 지원 범위의 미흡,66.4,B01,A0202,여성,%,T001,보훈대상자 지원정책에 불만족 하는 이유,이유별,보훈대상자 지원정책에 불만족 하는 이유
33,특성별,국가보훈부의 정책적 기능의 한계,6,B02,A0202,여성,%,T001,보훈대상자 지원정책에 불만족 하는 이유,이유별,보훈대상자 지원정책에 불만족 하는 이유
34,특성별,국가보훈부의 정책적 기능의 한계,6,B02,A0202,여성,%,T001,보훈대상자 지원정책에 불만족 하는 이유,이유별,보훈대상자 지원정책에 불만족 하는 이유
35,특성별,국가보훈부의 정책적 기능의 한계,6.5,B02,A0202,여성,%,T001,보훈대상자 지원정책에 불만족 하는 이유,이유별,보훈대상자 지원정책에 불만족 하는 이유
36,특성별,각종 교육 홍보 상담 여건 미비,5.2,B03,A0202,여성,%,T001,보훈대상자 지원정책에 불만족 하는 이유,이유별,보훈대상자 지원정책에 불만족 하는 이유
37,특성별,각종 교육 홍보 상담 여건 미비,6.6,B03,A0202,여성,%,T001,보훈대상자 지원정책에 불만족 하는 이유,이유별,보훈대상자 지원정책에 불만족 하는 이유
38,특성별,각종 교육 홍보 상담 여건 미비,2.2,B03,A0202,여성,%,T001,보훈대상자 지원정책에 불만족 하는 이유,이유별,보훈대상자 지원정책에 불만족 하는 이유
39,특성별,현행 지원수준의 미흡,44.4,B04,A0202,여성,%,T001,보훈대상자 지원정책에 불만족 하는 이유,이유별,보훈대상자 지원정책에 불만족 하는 이유
40,특성별,현행 지원수준의 미흡,37.4,B04,A0202,여성,%,T001,보훈대상자 지원정책에 불만족 하는 이유,이유별,보훈대상자 지원정책에 불만족 하는 이유
41,특성별,현행 지원수준의 미흡,24.9,B04,A0202,여성,%,T001,보훈대상자 지원정책에 불만족 하는 이유,이유별,보훈대상자 지원정책에 불만족 하는 이유
42,특성별,기타,0.1,B05,A0202,여성,%,T001,보훈대상자 지원정책에 불만족 하는 이유,이유별,보훈대상자 지원정책에 불만족 하는 이유
43,특성별,기타,0.3,B05,A0202,여성,%,T001,보훈대상자 지원정책에 불만족 하는 이유,이유별,보훈대상자 지원정책에 불만족 하는 이유
44,특성별,기타,0,B05,A0202,여성,%,T001,보훈대상자 지원정책에 불만족 하는 이유,이유별,보훈대상자 지원정책에 불만족 하는 이유
45,특성별,현행 지원 범위의 미흡,39.9,B01,A0301,40대 이하,%,T001,보훈대상자 지원정책에 불만족 하는 이유,이유별,보훈대상자 지원정책에 불만족 하는 이유
46,특성별,현행 지원 범위의 미흡,42.6,B01,A0301,40대 이하,%,T001,보훈대상자 지원정책에 불만족 하는 이유,이유별,보훈대상자 지원정책에 불만족 하는 이유
47,특성별,현행 지원 범위의 미흡,57.5,B01,A0301,40대 이하,%,T001,보훈대상자 지원정책에 불만족 하는 이유,이유별,보훈대상자 지원정책에 불만족 하는 이유
48,특성별,국가보훈부의 정책적 기능의 한계,13,B02,A0301,40대 이하,%,T001,보훈대상자 지원정책에 불만족 하는 이유,이유별,보훈대상자 지원정책에 불만족 하는 이유
49,특성별,국가보훈부의 정책적 기능의 한계,8.1,B02,A0301,40대 이하,%,T001,보훈대상자 지원정책에 불만족 하는 이유,이유별,보훈대상자 지원정책에 불만족 하는 이유
50,특성별,국가보훈부의 정책적 기능의 한계,7.6,B02,A0301,40대 이하,%,T001,보훈대상자 지원정책에 불만족 하는 이유,이유별,보훈대상자 지원정책에 불만족 하는 이유
51,특성별,각종 교육 홍보 상담 여건 미비,13.5,B03,A0301,40대 이하,%,T001,보훈대상자 지원정책에 불만족 하는 이유,이유별,보훈대상자 지원정책에 불만족 하는 이유
52,특성별,각종 교육 홍보 상담 여건 미비,14,B03,A0301,40대 이하,%,T001,보훈대상자 지원정책에 불만족 하는 이유,이유별,보훈대상자 지원정책에 불만족 하는 이유
53,특성별,각종 교육 홍보 상담 여건 미비,7.2,B03,A0301,40대 이하,%,T001,보훈대상자 지원정책에 불만족 하는 이유,이유별,보훈대상자 지원정책에 불만족 하는 이유
54,특성별,현행 지원수준의 미흡,32.8,B04,A0301,40대 이하,%,T001,보훈대상자 지원정책에 불만족 하는 이유,이유별,보훈대상자 지원정책에 불만족 하는 이유
55,특성별,현행 지원수준의 미흡,34.3,B04,A0301,40대 이하,%,T001,보훈대상자 지원정책에 불만족 하는 이유,이유별,보훈대상자 지원정책에 불만족 하는 이유
56,특성별,현행 지원수준의 미흡,26.6,B04,A0301,40대 이하,%,T001,보훈대상자 지원정책에 불만족 하는 이유,이유별,보훈대상자 지원정책에 불만족 하는 이유
57,특성별,기타,0.9,B05,A0301,40대 이하,%,T001,보훈대상자 지원정책에 불만족 하는 이유,이유별,보훈대상자 지원정책에 불만족 하는 이유
58,특성별,기타,1,B05,A0301,40대 이하,%,T001,보훈대상자 지원정책에 불만족 하는 이유,이유별,보훈대상자 지원정책에 불만족 하는 이유
59,특성별,기타,1.1,B05,A0301,40대 이하,%,T001,보훈대상자 지원정책에 불만족 하는 이유,이유별,보훈대상자 지원정책에 불만족 하는 이유
60,특성별,현행 지원 범위의 미흡,41.6,B01,A0302,50대,%,T001,보훈대상자 지원정책에 불만족 하는 이유,이유별,보훈대상자 지원정책에 불만족 하는 이유
61,특성별,현행 지원 범위의 미흡,38,B01,A0302,50대,%,T001,보훈대상자 지원정책에 불만족 하는 이유,이유별,보훈대상자 지원정책에 불만족 하는 이유
62,특성별,현행 지원 범위의 미흡,61,B01,A0302,50대,%,T001,보훈대상자 지원정책에 불만족 하는 이유,이유별,보훈대상자 지원정책에 불만족 하는 이유
63,특성별,국가보훈부의 정책적 기능의 한계,11.7,B02,A0302,50대,%,T001,보훈대상자 지원정책에 불만족 하는 이유,이유별,보훈대상자 지원정책에 불만족 하는 이유
64,특성별,국가보훈부의 정책적 기능의 한계,13.2,B02,A0302,50대,%,T001,보훈대상자 지원정책에 불만족 하는 이유,이유별,보훈대상자 지원정책에 불만족 하는 이유
65,특성별,국가보훈부의 정책적 기능의 한계,9.8,B02,A0302,50대,%,T001,보훈대상자 지원정책에 불만족 하는 이유,이유별,보훈대상자 지원정책에 불만족 하는 이유
66,특성별,각종 교육 홍보 상담 여건 미비,6.7,B03,A0302,50대,%,T001,보훈대상자 지원정책에 불만족 하는 이유,이유별,보훈대상자 지원정책에 불만족 하는 이유
67,특성별,각종 교육 홍보 상담 여건 미비,12.3,B03,A0302,50대,%,T001,보훈대상자 지원정책에 불만족 하는 이유,이유별,보훈대상자 지원정책에 불만족 하는 이유
68,특성별,각종 교육 홍보 상담 여건 미비,2.3,B03,A0302,50대,%,T001,보훈대상자 지원정책에 불만족 하는 이유,이유별,보훈대상자 지원정책에 불만족 하는 이유
69,특성별,현행 지원수준의 미흡,39.7,B04,A0302,50대,%,T001,보훈대상자 지원정책에 불만족 하는 이유,이유별,보훈대상자 지원정책에 불만족 하는 이유
70,특성별,현행 지원수준의 미흡,35.6,B04,A0302,50대,%,T001,보훈대상자 지원정책에 불만족 하는 이유,이유별,보훈대상자 지원정책에 불만족 하는 이유
71,특성별,현행 지원수준의 미흡,26.9,B04,A0302,50대,%,T001,보훈대상자 지원정책에 불만족 하는 이유,이유별,보훈대상자 지원정책에 불만족 하는 이유
72,특성별,기타,0.2,B05,A0302,50대,%,T001,보훈대상자 지원정책에 불만족 하는 이유,이유별,보훈대상자 지원정책에 불만족 하는 이유
73,특성별,기타,0.9,B05,A0302,50대,%,T001,보훈대상자 지원정책에 불만족 하는 이유,이유별,보훈대상자 지원정책에 불만족 하는 이유
74,특성별,기타,0,B05,A0302,50대,%,T001,보훈대상자 지원정책에 불만족 하는 이유,이유별,보훈대상자 지원정책에 불만족 하는 이유
75,특성별,현행 지원 범위의 미흡,43.1,B01,A0303,60대,%,T001,보훈대상자 지원정책에 불만족 하는 이유,이유별,보훈대상자 지원정책에 불만족 하는 이유
76,특성별,현행 지원 범위의 미흡,50.1,B01,A0303,60대,%,T001,보훈대상자 지원정책에 불만족 하는 이유,이유별,보훈대상자 지원정책에 불만족 하는 이유
77,특성별,현행 지원 범위의 미흡,63,B01,A0303,60대,%,T001,보훈대상자 지원정책에 불만족 하는 이유,이유별,보훈대상자 지원정책에 불만족 하는 이유
78,특성별,국가보훈부의 정책적 기능의 한계,12.3,B02,A0303,60대,%,T001,보훈대상자 지원정책에 불만족 하는 이유,이유별,보훈대상자 지원정책에 불만족 하는 이유
79,특성별,국가보훈부의 정책적 기능의 한계,9.4,B02,A0303,60대,%,T001,보훈대상자 지원정책에 불만족 하는 이유,이유별,보훈대상자 지원정책에 불만족 하는 이유
80,특성별,국가보훈부의 정책적 기능의 한계,9.3,B02,A0303,60대,%,T001,보훈대상자 지원정책에 불만족 하는 이유,이유별,보훈대상자 지원정책에 불만족 하는 이유
81,특성별,각종 교육 홍보 상담 여건 미비,6.1,B03,A0303,60대,%,T001,보훈대상자 지원정책에 불만족 하는 이유,이유별,보훈대상자 지원정책에 불만족 하는 이유
82,특성별,각종 교육 홍보 상담 여건 미비,6.9,B03,A0303,60대,%,T001,보훈대상자 지원정책에 불만족 하는 이유,이유별,보훈대상자 지원정책에 불만족 하는 이유
83,특성별,각종 교육 홍보 상담 여건 미비,3.9,B03,A0303,60대,%,T001,보훈대상자 지원정책에 불만족 하는 이유,이유별,보훈대상자 지원정책에 불만족 하는 이유
84,특성별,현행 지원수준의 미흡,38.3,B04,A0303,60대,%,T001,보훈대상자 지원정책에 불만족 하는 이유,이유별,보훈대상자 지원정책에 불만족 하는 이유
85,특성별,현행 지원수준의 미흡,33.5,B04,A0303,60대,%,T001,보훈대상자 지원정책에 불만족 하는 이유,이유별,보훈대상자 지원정책에 불만족 하는 이유
86,특성별,현행 지원수준의 미흡,23.7,B04,A0303,60대,%,T001,보훈대상자 지원정책에 불만족 하는 이유,이유별,보훈대상자 지원정책에 불만족 하는 이유
87,특성별,기타,0.1,B05,A0303,60대,%,T001,보훈대상자 지원정책에 불만족 하는 이유,이유별,보훈대상자 지원정책에 불만족 하는 이유
88,특성별,기타,0.1,B05,A0303,60대,%,T001,보훈대상자 지원정책에 불만족 하는 이유,이유별,보훈대상자 지원정책에 불만족 하는 이유
89,특성별,기타,0,B05,A0303,60대,%,T001,보훈대상자 지원정책에 불만족 하는 이유,이유별,보훈대상자 지원정책에 불만족 하는 이유
90,특성별,현행 지원 범위의 미흡,41.1,B01,A0304,70대,%,T001,보훈대상자 지원정책에 불만족 하는 이유,이유별,보훈대상자 지원정책에 불만족 하는 이유
91,특성별,현행 지원 범위의 미흡,46.9,B01,A0304,70대,%,T001,보훈대상자 지원정책에 불만족 하는 이유,이유별,보훈대상자 지원정책에 불만족 하는 이유
92,특성별,현행 지원 범위의 미흡,58.5,B01,A0304,70대,%,T001,보훈대상자 지원정책에 불만족 하는 이유,이유별,보훈대상자 지원정책에 불만족 하는 이유
93,특성별,국가보훈부의 정책적 기능의 한계,6.9,B02,A0304,70대,%,T001,보훈대상자 지원정책에 불만족 하는 이유,이유별,보훈대상자 지원정책에 불만족 하는 이유
94,특성별,국가보훈부의 정책적 기능의 한계,7.6,B02,A0304,70대,%,T001,보훈대상자 지원정책에 불만족 하는 이유,이유별,보훈대상자 지원정책에 불만족 하는 이유
95,특성별,국가보훈부의 정책적 기능의 한계,9.5,B02,A0304,70대,%,T001,보훈대상자 지원정책에 불만족 하는 이유,이유별,보훈대상자 지원정책에 불만족 하는 이유
96,특성별,각종 교육 홍보 상담 여건 미비,3.6,B03,A0304,70대,%,T001,보훈대상자 지원정책에 불만족 하는 이유,이유별,보훈대상자 지원정책에 불만족 하는 이유
97,특성별,각종 교육 홍보 상담 여건 미비,3.2,B03,A0304,70대,%,T001,보훈대상자 지원정책에 불만족 하는 이유,이유별,보훈대상자 지원정책에 불만족 하는 이유
98,특성별,각종 교육 홍보 상담 여건 미비,2.1,B03,A0304,70대,%,T001,보훈대상자 지원정책에 불만족 하는 이유,이유별,보훈대상자 지원정책에 불만족 하는 이유
99,특성별,현행 지원수준의 미흡,48.4,B04,A0304,70대,%,T001,보훈대상자 지원정책에 불만족 하는 이유,이유별,보훈대상자 지원정책에 불만족 하는 이유
100,특성별,현행 지원수준의 미흡,42.1,B04,A0304,70대,%,T001,보훈대상자 지원정책에 불만족 하는 이유,이유별,보훈대상자 지원정책에 불만족 하는 이유
101,특성별,현행 지원수준의 미흡,29.8,B04,A0304,70대,%,T001,보훈대상자 지원정책에 불만족 하는 이유,이유별,보훈대상자 지원정책에 불만족 하는 이유
102,특성별,기타,0,B05,A0304,70대,%,T001,보훈대상자 지원정책에 불만족 하는 이유,이유별,보훈대상자 지원정책에 불만족 하는 이유
103,특성별,기타,0.3,B05,A0304,70대,%,T001,보훈대상자 지원정책에 불만족 하는 이유,이유별,보훈대상자 지원정책에 불만족 하는 이유
104,특성별,기타,0.1,B05,A0304,70대,%,T001,보훈대상자 지원정책에 불만족 하는 이유,이유별,보훈대상자 지원정책에 불만족 하는 이유
105,특성별,현행 지원 범위의 미흡,38.4,B01,A0305,80대 이상,%,T001,보훈대상자 지원정책에 불만족 하는 이유,이유별,보훈대상자 지원정책에 불만족 하는 이유
106,특성별,현행 지원 범위의 미흡,43.5,B01,A0305,80대 이상,%,T001,보훈대상자 지원정책에 불만족 하는 이유,이유별,보훈대상자 지원정책에 불만족 하는 이유
107,특성별,현행 지원 범위의 미흡,59.8,B01,A0305,80대 이상,%,T001,보훈대상자 지원정책에 불만족 하는 이유,이유별,보훈대상자 지원정책에 불만족 하는 이유
108,특성별,국가보훈부의 정책적 기능의 한계,7.4,B02,A0305,80대 이상,%,T001,보훈대상자 지원정책에 불만족 하는 이유,이유별,보훈대상자 지원정책에 불만족 하는 이유
109,특성별,국가보훈부의 정책적 기능의 한계,6.5,B02,A0305,80대 이상,%,T001,보훈대상자 지원정책에 불만족 하는 이유,이유별,보훈대상자 지원정책에 불만족 하는 이유
110,특성별,국가보훈부의 정책적 기능의 한계,6.7,B02,A0305,80대 이상,%,T001,보훈대상자 지원정책에 불만족 하는 이유,이유별,보훈대상자 지원정책에 불만족 하는 이유
111,특성별,각종 교육 홍보 상담 여건 미비,2.2,B03,A0305,80대 이상,%,T001,보훈대상자 지원정책에 불만족 하는 이유,이유별,보훈대상자 지원정책에 불만족 하는 이유
112,특성별,각종 교육 홍보 상담 여건 미비,3.5,B03,A0305,80대 이상,%,T001,보훈대상자 지원정책에 불만족 하는 이유,이유별,보훈대상자 지원정책에 불만족 하는 이유
113,특성별,각종 교육 홍보 상담 여건 미비,2.2,B03,A0305,80대 이상,%,T001,보훈대상자 지원정책에 불만족 하는 이유,이유별,보훈대상자 지원정책에 불만족 하는 이유
114,특성별,현행 지원수준의 미흡,52,B04,A0305,80대 이상,%,T001,보훈대상자 지원정책에 불만족 하는 이유,이유별,보훈대상자 지원정책에 불만족 하는 이유
115,특성별,현행 지원수준의 미흡,46.3,B04,A0305,80대 이상,%,T001,보훈대상자 지원정책에 불만족 하는 이유,이유별,보훈대상자 지원정책에 불만족 하는 이유
116,특성별,현행 지원수준의 미흡,31.4,B04,A0305,80대 이상,%,T001,보훈대상자 지원정책에 불만족 하는 이유,이유별,보훈대상자 지원정책에 불만족 하는 이유
117,특성별,기타,0.1,B05,A0305,80대 이상,%,T001,보훈대상자 지원정책에 불만족 하는 이유,이유별,보훈대상자 지원정책에 불만족 하는 이유
118,특성별,기타,0.3,B05,A0305,80대 이상,%,T001,보훈대상자 지원정책에 불만족 하는 이유,이유별,보훈대상자 지원정책에 불만족 하는 이유
119,특성별,기타,0,B05,A0305,80대 이상,%,T001,보훈대상자 지원정책에 불만족 하는 이유,이유별,보훈대상자 지원정책에 불만족 하는 이유
120,특성별,현행 지원 범위의 미흡,42.8,B01,A0401,독립유공자,%,T001,보훈대상자 지원정책에 불만족 하는 이유,이유별,보훈대상자 지원정책에 불만족 하는 이유
121,특성별,현행 지원 범위의 미흡,39.7,B01,A0401,독립유공자,%,T001,보훈대상자 지원정책에 불만족 하는 이유,이유별,보훈대상자 지원정책에 불만족 하는 이유
122,특성별,현행 지원 범위의 미흡,59.1,B01,A0401,독립유공자,%,T001,보훈대상자 지원정책에 불만족 하는 이유,이유별,보훈대상자 지원정책에 불만족 하는 이유
123,특성별,국가보훈부의 정책적 기능의 한계,8.9,B02,A0401,독립유공자,%,T001,보훈대상자 지원정책에 불만족 하는 이유,이유별,보훈대상자 지원정책에 불만족 하는 이유
124,특성별,국가보훈부의 정책적 기능의 한계,9,B02,A0401,독립유공자,%,T001,보훈대상자 지원정책에 불만족 하는 이유,이유별,보훈대상자 지원정책에 불만족 하는 이유
125,특성별,국가보훈부의 정책적 기능의 한계,6.8,B02,A0401,독립유공자,%,T001,보훈대상자 지원정책에 불만족 하는 이유,이유별,보훈대상자 지원정책에 불만족 하는 이유
126,특성별,각종 교육 홍보 상담 여건 미비,3.3,B03,A0401,독립유공자,%,T001,보훈대상자 지원정책에 불만족 하는 이유,이유별,보훈대상자 지원정책에 불만족 하는 이유
127,특성별,각종 교육 홍보 상담 여건 미비,2.3,B03,A0401,독립유공자,%,T001,보훈대상자 지원정책에 불만족 하는 이유,이유별,보훈대상자 지원정책에 불만족 하는 이유
128,특성별,각종 교육 홍보 상담 여건 미비,2.2,B03,A0401,독립유공자,%,T001,보훈대상자 지원정책에 불만족 하는 이유,이유별,보훈대상자 지원정책에 불만족 하는 이유
129,특성별,현행 지원수준의 미흡,45,B04,A0401,독립유공자,%,T001,보훈대상자 지원정책에 불만족 하는 이유,이유별,보훈대상자 지원정책에 불만족 하는 이유
130,특성별,현행 지원수준의 미흡,48.9,B04,A0401,독립유공자,%,T001,보훈대상자 지원정책에 불만족 하는 이유,이유별,보훈대상자 지원정책에 불만족 하는 이유
131,특성별,현행 지원수준의 미흡,31.4,B04,A0401,독립유공자,%,T001,보훈대상자 지원정책에 불만족 하는 이유,이유별,보훈대상자 지원정책에 불만족 하는 이유
132,특성별,기타,0,B05,A0401,독립유공자,%,T001,보훈대상자 지원정책에 불만족 하는 이유,이유별,보훈대상자 지원정책에 불만족 하는 이유
133,특성별,기타,0,B05,A0401,독립유공자,%,T001,보훈대상자 지원정책에 불만족 하는 이유,이유별,보훈대상자 지원정책에 불만족 하는 이유
134,특성별,기타,0.5,B05,A0401,독립유공자,%,T001,보훈대상자 지원정책에 불만족 하는 이유,이유별,보훈대상자 지원정책에 불만족 하는 이유
135,특성별,현행 지원 범위의 미흡,40.5,B01,A0402,국가유공자(본인),%,T001,보훈대상자 지원정책에 불만족 하는 이유,이유별,보훈대상자 지원정책에 불만족 하는 이유
136,특성별,현행 지원 범위의 미흡,41.2,B01,A0402,국가유공자(본인),%,T001,보훈대상자 지원정책에 불만족 하는 이유,이유별,보훈대상자 지원정책에 불만족 하는 이유
137,특성별,현행 지원 범위의 미흡,50.5,B01,A0402,국가유공자(본인),%,T001,보훈대상자 지원정책에 불만족 하는 이유,이유별,보훈대상자 지원정책에 불만족 하는 이유
138,특성별,국가보훈부의 정책적 기능의 한계,12.1,B02,A0402,국가유공자(본인),%,T001,보훈대상자 지원정책에 불만족 하는 이유,이유별,보훈대상자 지원정책에 불만족 하는 이유
139,특성별,국가보훈부의 정책적 기능의 한계,11,B02,A0402,국가유공자(본인),%,T001,보훈대상자 지원정책에 불만족 하는 이유,이유별,보훈대상자 지원정책에 불만족 하는 이유
140,특성별,국가보훈부의 정책적 기능의 한계,10.1,B02,A0402,국가유공자(본인),%,T001,보훈대상자 지원정책에 불만족 하는 이유,이유별,보훈대상자 지원정책에 불만족 하는 이유
141,특성별,각종 교육 홍보 상담 여건 미비,4.3,B03,A0402,국가유공자(본인),%,T001,보훈대상자 지원정책에 불만족 하는 이유,이유별,보훈대상자 지원정책에 불만족 하는 이유
142,특성별,각종 교육 홍보 상담 여건 미비,3.8,B03,A0402,국가유공자(본인),%,T001,보훈대상자 지원정책에 불만족 하는 이유,이유별,보훈대상자 지원정책에 불만족 하는 이유
143,특성별,각종 교육 홍보 상담 여건 미비,3.4,B03,A0402,국가유공자(본인),%,T001,보훈대상자 지원정책에 불만족 하는 이유,이유별,보훈대상자 지원정책에 불만족 하는 이유
144,특성별,현행 지원수준의 미흡,42.6,B04,A0402,국가유공자(본인),%,T001,보훈대상자 지원정책에 불만족 하는 이유,이유별,보훈대상자 지원정책에 불만족 하는 이유
145,특성별,현행 지원수준의 미흡,43.5,B04,A0402,국가유공자(본인),%,T001,보훈대상자 지원정책에 불만족 하는 이유,이유별,보훈대상자 지원정책에 불만족 하는 이유
146,특성별,현행 지원수준의 미흡,35.7,B04,A0402,국가유공자(본인),%,T001,보훈대상자 지원정책에 불만족 하는 이유,이유별,보훈대상자 지원정책에 불만족 하는 이유
147,특성별,기타,0.4,B05,A0402,국가유공자(본인),%,T001,보훈대상자 지원정책에 불만족 하는 이유,이유별,보훈대상자 지원정책에 불만족 하는 이유
148,특성별,기타,0.4,B05,A0402,국가유공자(본인),%,T001,보훈대상자 지원정책에 불만족 하는 이유,이유별,보훈대상자 지원정책에 불만족 하는 이유
149,특성별,기타,0.3,B05,A0402,국가유공자(본인),%,T001,보훈대상자 지원정책에 불만족 하는 이유,이유별,보훈대상자 지원정책에 불만족 하는 이유
150,특성별,현행 지원 범위의 미흡,42.6,B01,A0403,국가유공자(유족),%,T001,보훈대상자 지원정책에 불만족 하는 이유,이유별,보훈대상자 지원정책에 불만족 하는 이유
151,특성별,현행 지원 범위의 미흡,49.5,B01,A0403,국가유공자(유족),%,T001,보훈대상자 지원정책에 불만족 하는 이유,이유별,보훈대상자 지원정책에 불만족 하는 이유
152,특성별,현행 지원 범위의 미흡,67.4,B01,A0403,국가유공자(유족),%,T001,보훈대상자 지원정책에 불만족 하는 이유,이유별,보훈대상자 지원정책에 불만족 하는 이유
153,특성별,국가보훈부의 정책적 기능의 한계,8.3,B02,A0403,국가유공자(유족),%,T001,보훈대상자 지원정책에 불만족 하는 이유,이유별,보훈대상자 지원정책에 불만족 하는 이유
154,특성별,국가보훈부의 정책적 기능의 한계,7,B02,A0403,국가유공자(유족),%,T001,보훈대상자 지원정책에 불만족 하는 이유,이유별,보훈대상자 지원정책에 불만족 하는 이유
155,특성별,국가보훈부의 정책적 기능의 한계,6.8,B02,A0403,국가유공자(유족),%,T001,보훈대상자 지원정책에 불만족 하는 이유,이유별,보훈대상자 지원정책에 불만족 하는 이유
156,특성별,각종 교육 홍보 상담 여건 미비,5.5,B03,A0403,국가유공자(유족),%,T001,보훈대상자 지원정책에 불만족 하는 이유,이유별,보훈대상자 지원정책에 불만족 하는 이유
157,특성별,각종 교육 홍보 상담 여건 미비,6.7,B03,A0403,국가유공자(유족),%,T001,보훈대상자 지원정책에 불만족 하는 이유,이유별,보훈대상자 지원정책에 불만족 하는 이유
158,특성별,각종 교육 홍보 상담 여건 미비,1.9,B03,A0403,국가유공자(유족),%,T001,보훈대상자 지원정책에 불만족 하는 이유,이유별,보훈대상자 지원정책에 불만족 하는 이유
159,특성별,현행 지원수준의 미흡,43.6,B04,A0403,국가유공자(유족),%,T001,보훈대상자 지원정책에 불만족 하는 이유,이유별,보훈대상자 지원정책에 불만족 하는 이유
160,특성별,현행 지원수준의 미흡,36.6,B04,A0403,국가유공자(유족),%,T001,보훈대상자 지원정책에 불만족 하는 이유,이유별,보훈대상자 지원정책에 불만족 하는 이유
161,특성별,현행 지원수준의 미흡,24,B04,A0403,국가유공자(유족),%,T001,보훈대상자 지원정책에 불만족 하는 이유,이유별,보훈대상자 지원정책에 불만족 하는 이유
162,특성별,기타,0,B05,A0403,국가유공자(유족),%,T001,보훈대상자 지원정책에 불만족 하는 이유,이유별,보훈대상자 지원정책에 불만족 하는 이유
163,특성별,기타,0.2,B05,A0403,국가유공자(유족),%,T001,보훈대상자 지원정책에 불만족 하는 이유,이유별,보훈대상자 지원정책에 불만족 하는 이유
164,특성별,기타,0,B05,A0403,국가유공자(유족),%,T001,보훈대상자 지원정책에 불만족 하는 이유,이유별,보훈대상자 지원정책에 불만족 하는 이유
165,특성별,현행 지원 범위의 미흡,47,B01,A0404,5·18민주유공자,%,T001,보훈대상자 지원정책에 불만족 하는 이유,이유별,보훈대상자 지원정책에 불만족 하는 이유
166,특성별,현행 지원 범위의 미흡,52.3,B01,A0404,5·18민주유공자,%,T001,보훈대상자 지원정책에 불만족 하는 이유,이유별,보훈대상자 지원정책에 불만족 하는 이유
167,특성별,현행 지원 범위의 미흡,63.4,B01,A0404,5·18민주유공자,%,T001,보훈대상자 지원정책에 불만족 하는 이유,이유별,보훈대상자 지원정책에 불만족 하는 이유
168,특성별,국가보훈부의 정책적 기능의 한계,9.5,B02,A0404,5·18민주유공자,%,T001,보훈대상자 지원정책에 불만족 하는 이유,이유별,보훈대상자 지원정책에 불만족 하는 이유
169,특성별,국가보훈부의 정책적 기능의 한계,9.2,B02,A0404,5·18민주유공자,%,T001,보훈대상자 지원정책에 불만족 하는 이유,이유별,보훈대상자 지원정책에 불만족 하는 이유
170,특성별,국가보훈부의 정책적 기능의 한계,11.6,B02,A0404,5·18민주유공자,%,T001,보훈대상자 지원정책에 불만족 하는 이유,이유별,보훈대상자 지원정책에 불만족 하는 이유
171,특성별,각종 교육 홍보 상담 여건 미비,7.4,B03,A0404,5·18민주유공자,%,T001,보훈대상자 지원정책에 불만족 하는 이유,이유별,보훈대상자 지원정책에 불만족 하는 이유
172,특성별,각종 교육 홍보 상담 여건 미비,2.7,B03,A0404,5·18민주유공자,%,T001,보훈대상자 지원정책에 불만족 하는 이유,이유별,보훈대상자 지원정책에 불만족 하는 이유
173,특성별,각종 교육 홍보 상담 여건 미비,3.2,B03,A0404,5·18민주유공자,%,T001,보훈대상자 지원정책에 불만족 하는 이유,이유별,보훈대상자 지원정책에 불만족 하는 이유
174,특성별,현행 지원수준의 미흡,36.1,B04,A0404,5·18민주유공자,%,T001,보훈대상자 지원정책에 불만족 하는 이유,이유별,보훈대상자 지원정책에 불만족 하는 이유
175,특성별,현행 지원수준의 미흡,35.2,B04,A0404,5·18민주유공자,%,T001,보훈대상자 지원정책에 불만족 하는 이유,이유별,보훈대상자 지원정책에 불만족 하는 이유
176,특성별,현행 지원수준의 미흡,21.8,B04,A0404,5·18민주유공자,%,T001,보훈대상자 지원정책에 불만족 하는 이유,이유별,보훈대상자 지원정책에 불만족 하는 이유
177,특성별,기타,0,B05,A0404,5·18민주유공자,%,T001,보훈대상자 지원정책에 불만족 하는 이유,이유별,보훈대상자 지원정책에 불만족 하는 이유
178,특성별,기타,0.6,B05,A0404,5·18민주유공자,%,T001,보훈대상자 지원정책에 불만족 하는 이유,이유별,보훈대상자 지원정책에 불만족 하는 이유
179,특성별,기타,0,B05,A0404,5·18민주유공자,%,T001,보훈대상자 지원정책에 불만족 하는 이유,이유별,보훈대상자 지원정책에 불만족 하는 이유
180,특성별,현행 지원 범위의 미흡,39.4,B01,A0405,참전유공자,%,T001,보훈대상자 지원정책에 불만족 하는 이유,이유별,보훈대상자 지원정책에 불만족 하는 이유
181,특성별,현행 지원 범위의 미흡,44,B01,A0405,참전유공자,%,T001,보훈대상자 지원정책에 불만족 하는 이유,이유별,보훈대상자 지원정책에 불만족 하는 이유
182,특성별,현행 지원 범위의 미흡,54.9,B01,A0405,참전유공자,%,T001,보훈대상자 지원정책에 불만족 하는 이유,이유별,보훈대상자 지원정책에 불만족 하는 이유
183,특성별,국가보훈부의 정책적 기능의 한계,7.5,B02,A0405,참전유공자,%,T001,보훈대상자 지원정책에 불만족 하는 이유,이유별,보훈대상자 지원정책에 불만족 하는 이유
184,특성별,국가보훈부의 정책적 기능의 한계,6.5,B02,A0405,참전유공자,%,T001,보훈대상자 지원정책에 불만족 하는 이유,이유별,보훈대상자 지원정책에 불만족 하는 이유
185,특성별,국가보훈부의 정책적 기능의 한계,9.9,B02,A0405,참전유공자,%,T001,보훈대상자 지원정책에 불만족 하는 이유,이유별,보훈대상자 지원정책에 불만족 하는 이유
186,특성별,각종 교육 홍보 상담 여건 미비,2.7,B03,A0405,참전유공자,%,T001,보훈대상자 지원정책에 불만족 하는 이유,이유별,보훈대상자 지원정책에 불만족 하는 이유
187,특성별,각종 교육 홍보 상담 여건 미비,2.6,B03,A0405,참전유공자,%,T001,보훈대상자 지원정책에 불만족 하는 이유,이유별,보훈대상자 지원정책에 불만족 하는 이유
188,특성별,각종 교육 홍보 상담 여건 미비,1.1,B03,A0405,참전유공자,%,T001,보훈대상자 지원정책에 불만족 하는 이유,이유별,보훈대상자 지원정책에 불만족 하는 이유
189,특성별,현행 지원수준의 미흡,50.3,B04,A0405,참전유공자,%,T001,보훈대상자 지원정책에 불만족 하는 이유,이유별,보훈대상자 지원정책에 불만족 하는 이유
190,특성별,현행 지원수준의 미흡,46.8,B04,A0405,참전유공자,%,T001,보훈대상자 지원정책에 불만족 하는 이유,이유별,보훈대상자 지원정책에 불만족 하는 이유
191,특성별,현행 지원수준의 미흡,33.9,B04,A0405,참전유공자,%,T001,보훈대상자 지원정책에 불만족 하는 이유,이유별,보훈대상자 지원정책에 불만족 하는 이유
192,특성별,기타,0,B05,A0405,참전유공자,%,T001,보훈대상자 지원정책에 불만족 하는 이유,이유별,보훈대상자 지원정책에 불만족 하는 이유
193,특성별,기타,0.1,B05,A0405,참전유공자,%,T001,보훈대상자 지원정책에 불만족 하는 이유,이유별,보훈대상자 지원정책에 불만족 하는 이유
194,특성별,기타,0.2,B05,A0405,참전유공자,%,T001,보훈대상자 지원정책에 불만족 하는 이유,이유별,보훈대상자 지원정책에 불만족 하는 이유
195,특성별,현행 지원 범위의 미흡,36.7,B01,A0406,고엽제,%,T001,보훈대상자 지원정책에 불만족 하는 이유,이유별,보훈대상자 지원정책에 불만족 하는 이유
196,특성별,현행 지원 범위의 미흡,42.8,B01,A0406,고엽제,%,T001,보훈대상자 지원정책에 불만족 하는 이유,이유별,보훈대상자 지원정책에 불만족 하는 이유
197,특성별,현행 지원 범위의 미흡,62,B01,A0406,고엽제,%,T001,보훈대상자 지원정책에 불만족 하는 이유,이유별,보훈대상자 지원정책에 불만족 하는 이유
198,특성별,국가보훈부의 정책적 기능의 한계,11.5,B02,A0406,고엽제,%,T001,보훈대상자 지원정책에 불만족 하는 이유,이유별,보훈대상자 지원정책에 불만족 하는 이유
199,특성별,국가보훈부의 정책적 기능의 한계,8.8,B02,A0406,고엽제,%,T001,보훈대상자 지원정책에 불만족 하는 이유,이유별,보훈대상자 지원정책에 불만족 하는 이유
200,특성별,국가보훈부의 정책적 기능의 한계,8.2,B02,A0406,고엽제,%,T001,보훈대상자 지원정책에 불만족 하는 이유,이유별,보훈대상자 지원정책에 불만족 하는 이유
201,특성별,각종 교육 홍보 상담 여건 미비,5,B03,A0406,고엽제,%,T001,보훈대상자 지원정책에 불만족 하는 이유,이유별,보훈대상자 지원정책에 불만족 하는 이유
202,특성별,각종 교육 홍보 상담 여건 미비,1.4,B03,A0406,고엽제,%,T001,보훈대상자 지원정책에 불만족 하는 이유,이유별,보훈대상자 지원정책에 불만족 하는 이유
203,특성별,각종 교육 홍보 상담 여건 미비,1.3,B03,A0406,고엽제,%,T001,보훈대상자 지원정책에 불만족 하는 이유,이유별,보훈대상자 지원정책에 불만족 하는 이유
204,특성별,현행 지원수준의 미흡,46.7,B04,A0406,고엽제,%,T001,보훈대상자 지원정책에 불만족 하는 이유,이유별,보훈대상자 지원정책에 불만족 하는 이유
205,특성별,현행 지원수준의 미흡,46.1,B04,A0406,고엽제,%,T001,보훈대상자 지원정책에 불만족 하는 이유,이유별,보훈대상자 지원정책에 불만족 하는 이유
206,특성별,현행 지원수준의 미흡,28.5,B04,A0406,고엽제,%,T001,보훈대상자 지원정책에 불만족 하는 이유,이유별,보훈대상자 지원정책에 불만족 하는 이유
207,특성별,기타,0,B05,A0406,고엽제,%,T001,보훈대상자 지원정책에 불만족 하는 이유,이유별,보훈대상자 지원정책에 불만족 하는 이유
208,특성별,기타,1,B05,A0406,고엽제,%,T001,보훈대상자 지원정책에 불만족 하는 이유,이유별,보훈대상자 지원정책에 불만족 하는 이유
209,특성별,기타,0,B05,A0406,고엽제,%,T001,보훈대상자 지원정책에 불만족 하는 이유,이유별,보훈대상자 지원정책에 불만족 하는 이유
210,특성별,현행 지원 범위의 미흡,44.8,B01,A0407,특수임무유공자,%,T001,보훈대상자 지원정책에 불만족 하는 이유,이유별,보훈대상자 지원정책에 불만족 하는 이유
211,특성별,현행 지원 범위의 미흡,58,B01,A0407,특수임무유공자,%,T001,보훈대상자 지원정책에 불만족 하는 이유,이유별,보훈대상자 지원정책에 불만족 하는 이유
212,특성별,현행 지원 범위의 미흡,68,B01,A0407,특수임무유공자,%,T001,보훈대상자 지원정책에 불만족 하는 이유,이유별,보훈대상자 지원정책에 불만족 하는 이유
213,특성별,국가보훈부의 정책적 기능의 한계,17.9,B02,A0407,특수임무유공자,%,T001,보훈대상자 지원정책에 불만족 하는 이유,이유별,보훈대상자 지원정책에 불만족 하는 이유
214,특성별,국가보훈부의 정책적 기능의 한계,5.6,B02,A0407,특수임무유공자,%,T001,보훈대상자 지원정책에 불만족 하는 이유,이유별,보훈대상자 지원정책에 불만족 하는 이유
215,특성별,국가보훈부의 정책적 기능의 한계,8.1,B02,A0407,특수임무유공자,%,T001,보훈대상자 지원정책에 불만족 하는 이유,이유별,보훈대상자 지원정책에 불만족 하는 이유
216,특성별,각종 교육 홍보 상담 여건 미비,1.1,B03,A0407,특수임무유공자,%,T001,보훈대상자 지원정책에 불만족 하는 이유,이유별,보훈대상자 지원정책에 불만족 하는 이유
217,특성별,각종 교육 홍보 상담 여건 미비,2.8,B03,A0407,특수임무유공자,%,T001,보훈대상자 지원정책에 불만족 하는 이유,이유별,보훈대상자 지원정책에 불만족 하는 이유
218,특성별,각종 교육 홍보 상담 여건 미비,3.2,B03,A0407,특수임무유공자,%,T001,보훈대상자 지원정책에 불만족 하는 이유,이유별,보훈대상자 지원정책에 불만족 하는 이유
219,특성별,현행 지원수준의 미흡,36.2,B04,A0407,특수임무유공자,%,T001,보훈대상자 지원정책에 불만족 하는 이유,이유별,보훈대상자 지원정책에 불만족 하는 이유
220,특성별,현행 지원수준의 미흡,33.5,B04,A0407,특수임무유공자,%,T001,보훈대상자 지원정책에 불만족 하는 이유,이유별,보훈대상자 지원정책에 불만족 하는 이유
221,특성별,현행 지원수준의 미흡,20.7,B04,A0407,특수임무유공자,%,T001,보훈대상자 지원정책에 불만족 하는 이유,이유별,보훈대상자 지원정책에 불만족 하는 이유
222,특성별,기타,0,B05,A0407,특수임무유공자,%,T001,보훈대상자 지원정책에 불만족 하는 이유,이유별,보훈대상자 지원정책에 불만족 하는 이유
223,특성별,기타,0,B05,A0407,특수임무유공자,%,T001,보훈대상자 지원정책에 불만족 하는 이유,이유별,보훈대상자 지원정책에 불만족 하는 이유
224,특성별,기타,0,B05,A0407,특수임무유공자,%,T001,보훈대상자 지원정책에 불만족 하는 이유,이유별,보훈대상자 지원정책에 불만족 하는 이유
225,특성별,현행 지원 범위의 미흡,41,B01,A0408,제대군인,%,T001,보훈대상자 지원정책에 불만족 하는 이유,이유별,보훈대상자 지원정책에 불만족 하는 이유
226,특성별,현행 지원 범위의 미흡,46.9,B01,A0408,제대군인,%,T001,보훈대상자 지원정책에 불만족 하는 이유,이유별,보훈대상자 지원정책에 불만족 하는 이유
227,특성별,현행 지원 범위의 미흡,59.4,B01,A0408,제대군인,%,T001,보훈대상자 지원정책에 불만족 하는 이유,이유별,보훈대상자 지원정책에 불만족 하는 이유
228,특성별,국가보훈부의 정책적 기능의 한계,14.9,B02,A0408,제대군인,%,T001,보훈대상자 지원정책에 불만족 하는 이유,이유별,보훈대상자 지원정책에 불만족 하는 이유
229,특성별,국가보훈부의 정책적 기능의 한계,9.9,B02,A0408,제대군인,%,T001,보훈대상자 지원정책에 불만족 하는 이유,이유별,보훈대상자 지원정책에 불만족 하는 이유
230,특성별,국가보훈부의 정책적 기능의 한계,9,B02,A0408,제대군인,%,T001,보훈대상자 지원정책에 불만족 하는 이유,이유별,보훈대상자 지원정책에 불만족 하는 이유
231,특성별,각종 교육 홍보 상담 여건 미비,13.7,B03,A0408,제대군인,%,T001,보훈대상자 지원정책에 불만족 하는 이유,이유별,보훈대상자 지원정책에 불만족 하는 이유
232,특성별,각종 교육 홍보 상담 여건 미비,18.3,B03,A0408,제대군인,%,T001,보훈대상자 지원정책에 불만족 하는 이유,이유별,보훈대상자 지원정책에 불만족 하는 이유
233,특성별,각종 교육 홍보 상담 여건 미비,9.2,B03,A0408,제대군인,%,T001,보훈대상자 지원정책에 불만족 하는 이유,이유별,보훈대상자 지원정책에 불만족 하는 이유
234,특성별,현행 지원수준의 미흡,29.9,B04,A0408,제대군인,%,T001,보훈대상자 지원정책에 불만족 하는 이유,이유별,보훈대상자 지원정책에 불만족 하는 이유
235,특성별,현행 지원수준의 미흡,23.7,B04,A0408,제대군인,%,T001,보훈대상자 지원정책에 불만족 하는 이유,이유별,보훈대상자 지원정책에 불만족 하는 이유
236,특성별,현행 지원수준의 미흡,21.7,B04,A0408,제대군인,%,T001,보훈대상자 지원정책에 불만족 하는 이유,이유별,보훈대상자 지원정책에 불만족 하는 이유
237,특성별,기타,0.5,B05,A0408,제대군인,%,T001,보훈대상자 지원정책에 불만족 하는 이유,이유별,보훈대상자 지원정책에 불만족 하는 이유
238,특성별,기타,1.2,B05,A0408,제대군인,%,T001,보훈대상자 지원정책에 불만족 하는 이유,이유별,보훈대상자 지원정책에 불만족 하는 이유
239,특성별,기타,0.5,B05,A0408,제대군인,%,T001,보훈대상자 지원정책에 불만족 하는 이유,이유별,보훈대상자 지원정책에 불만족 하는 이유
240,특성별,현행 지원 범위의 미흡,44.9,B01,A0409,보훈보상대상자,%,T001,보훈대상자 지원정책에 불만족 하는 이유,이유별,보훈대상자 지원정책에 불만족 하는 이유
241,특성별,현행 지원 범위의 미흡,47.2,B01,A0409,보훈보상대상자,%,T001,보훈대상자 지원정책에 불만족 하는 이유,이유별,보훈대상자 지원정책에 불만족 하는 이유
242,특성별,현행 지원 범위의 미흡,56.1,B01,A0409,보훈보상대상자,%,T001,보훈대상자 지원정책에 불만족 하는 이유,이유별,보훈대상자 지원정책에 불만족 하는 이유
243,특성별,국가보훈부의 정책적 기능의 한계,12.6,B02,A0409,보훈보상대상자,%,T001,보훈대상자 지원정책에 불만족 하는 이유,이유별,보훈대상자 지원정책에 불만족 하는 이유
244,특성별,국가보훈부의 정책적 기능의 한계,8,B02,A0409,보훈보상대상자,%,T001,보훈대상자 지원정책에 불만족 하는 이유,이유별,보훈대상자 지원정책에 불만족 하는 이유
245,특성별,국가보훈부의 정책적 기능의 한계,7.2,B02,A0409,보훈보상대상자,%,T001,보훈대상자 지원정책에 불만족 하는 이유,이유별,보훈대상자 지원정책에 불만족 하는 이유
246,특성별,각종 교육 홍보 상담 여건 미비,4.6,B03,A0409,보훈보상대상자,%,T001,보훈대상자 지원정책에 불만족 하는 이유,이유별,보훈대상자 지원정책에 불만족 하는 이유
247,특성별,각종 교육 홍보 상담 여건 미비,4.4,B03,A0409,보훈보상대상자,%,T001,보훈대상자 지원정책에 불만족 하는 이유,이유별,보훈대상자 지원정책에 불만족 하는 이유
248,특성별,각종 교육 홍보 상담 여건 미비,1.9,B03,A0409,보훈보상대상자,%,T001,보훈대상자 지원정책에 불만족 하는 이유,이유별,보훈대상자 지원정책에 불만족 하는 이유
249,특성별,현행 지원수준의 미흡,35.2,B04,A0409,보훈보상대상자,%,T001,보훈대상자 지원정책에 불만족 하는 이유,이유별,보훈대상자 지원정책에 불만족 하는 이유
250,특성별,현행 지원수준의 미흡,38.7,B04,A0409,보훈보상대상자,%,T001,보훈대상자 지원정책에 불만족 하는 이유,이유별,보훈대상자 지원정책에 불만족 하는 이유
251,특성별,현행 지원수준의 미흡,34.6,B04,A0409,보훈보상대상자,%,T001,보훈대상자 지원정책에 불만족 하는 이유,이유별,보훈대상자 지원정책에 불만족 하는 이유
252,특성별,기타,2.7,B05,A0409,보훈보상대상자,%,T001,보훈대상자 지원정책에 불만족 하는 이유,이유별,보훈대상자 지원정책에 불만족 하는 이유
253,특성별,기타,1.7,B05,A0409,보훈보상대상자,%,T001,보훈대상자 지원정책에 불만족 하는 이유,이유별,보훈대상자 지원정책에 불만족 하는 이유
254,특성별,기타,0.3,B05,A0409,보훈보상대상자,%,T001,보훈대상자 지원정책에 불만족 하는 이유,이유별,보훈대상자 지원정책에 불만족 하는 이유
